cust_id,income,age,tot_cust_years,tot_children,female_ind,single_ind,married_ind,separated_ind,state_code,ca_resident_ind,ny_resident_ind,tx_resident_ind,il_resident_ind,az_resident_ind,oh_resident_ind,ck_acct_ind,sv_acct_ind,cc_acct_ind,ck_avg_bal,sv_avg_bal,cc_avg_bal,ck_avg_tran_amt,sv_avg_tran_amt,cc_avg_tran_amt,q1_trans_cnt,q2_trans_cnt,q3_trans_cnt,q4_trans_cnt
14995552,10575.4,67,7,2,1,0,1,0,NY,0,1,0,0,0,0,0,0,1,0.0,0.0,4900.0,0.0,0.0,-427.96360714285714,0,0,10,18
21801248,0.0,17,5,1,1,1,0,0,OTHER,0,0,0,0,0,0,1,1,1,1769.3407390476204,1769.3407390476204,1769.3407390476204,-1.1509561904761905,-1.1509561904761905,-1.1509561904761905,183,153,120,69
25889191,5828.1,69,6,0,1,0,1,0,OTHER,0,0,0,0,0,0,0,1,0,0.0,3568.918000000001,0.0,0.0,0.0,0.0,7,9,7,9
19084842,115656.8,57,7,2,0,0,1,0,IL,0,0,0,1,0,0,1,1,0,4414.437899280572,4414.437899280572,0.0,0.9797122302158273,0.9797122302158273,0.0,180,32,18,48
16353660,971.5,81,11,3,1,0,0,1,NY,0,1,0,0,0,0,1,1,1,192.86219689119156,192.86219689119156,192.86219689119156,-0.2735060449050086,-0.2735060449050086,-0.2735060449050086,363,69,60,87
16359036,8251.1,61,11,4,1,0,0,0,IL,0,0,0,1,0,0,1,1,1,2453.468278409091,2453.468278409091,2453.468278409091,-15.342064393939394,-15.342064393939394,-15.342064393939394,144,165,141,78
17721366,131530.1,46,3,2,1,0,1,0,CA,1,0,0,0,0,0,0,1,1,0.0,7259.886333333331,7259.886333333331,0.0,0.0,-22.4086858974359,6,44,34,72
14992549,85499.7,59,9,3,1,0,1,0,OTHER,0,0,0,0,0,0,1,0,1,9610.21396715329,0.0,9610.21396715329,297.5713576642336,297.5713576642336,297.5713576642336,224,12,20,18
16350312,9213.1,44,4,3,1,0,1,0,CA,1,0,0,0,0,0,1,1,1,1379.9646000000014,1379.9646000000014,1379.9646000000014,2.8506666666666667,2.8506666666666667,2.8506666666666667,30,27,222,126
31341088,40443.2,64,4,0,0,0,0,0,TX,0,0,1,0,0,0,0,1,1,0.0,538.344775280899,538.344775280899,0.0,0.0,4.198595505617978,40,48,38,52
29985296,37642.0,73,13,0,1,1,0,0,TX,0,0,1,0,0,0,1,1,0,1383.3350201612893,1383.3350201612893,0.0,3.361733870967742,3.361733870967742,0.0,200,18,10,20
23164387,17121.6,53,9,1,1,0,1,0,TX,0,0,1,0,0,0,1,0,1,1424.956195652175,0.0,1424.956195652175,65.94482608695652,65.94482608695652,65.94482608695652,32,26,10,24
24526512,23193.0,63,1,2,1,0,1,0,IL,0,0,0,1,0,0,1,1,1,357.0065199161424,357.0065199161424,357.0065199161424,-9.639201257861636,-9.639201257861636,-9.639201257861636,18,315,33,111
17723121,23628.8,64,11,2,1,0,0,0,AZ,0,0,0,0,1,0,1,1,1,1178.1784729344731,1178.1784729344731,1178.1784729344731,17.1472792022792,17.1472792022792,17.1472792022792,99,69,75,108
23168076,2835.7,92,8,0,0,0,1,0,NY,0,1,0,0,0,0,0,0,1,0.0,0.0,3303.3500000000013,0.0,0.0,57.583733333333335,11,7,5,7
25889723,2618.4,55,2,0,1,0,1,0,AZ,0,0,0,0,1,0,1,1,1,386.7392333333335,386.7392333333335,386.7392333333335,24.015770833333335,24.015770833333335,24.015770833333335,18,18,27,177
17724642,53389.7,53,10,2,0,1,0,0,NY,0,1,0,0,0,0,1,1,0,14803.773384955737,14803.773384955737,0.0,9.585066371681416,9.585066371681416,0.0,146,80,0,0
20449680,44002.5,55,2,2,1,0,1,0,CA,1,0,0,0,0,0,0,0,1,0.0,0.0,22440.0,0.0,0.0,-332.8126153846154,0,0,5,60
19084366,18358.2,20,5,1,1,1,0,0,IL,0,0,0,1,0,0,1,1,1,131.4189666666667,131.4189666666667,131.4189666666667,2.3715,2.3715,2.3715,33,57,66,24
16350936,0.0,20,5,3,1,1,0,0,OTHER,0,0,0,0,0,0,1,1,1,942.7137199999984,942.7137199999984,942.7137199999984,-9.906095238095238,-9.906095238095238,-9.906095238095238,183,153,120,69
21815744,26634.4,52,5,1,1,1,0,0,OTHER,0,0,0,0,0,0,1,0,1,3423.2147173913077,0.0,3423.2147173913077,-1.847605072463768,-1.847605072463768,-1.847605072463768,50,182,22,22
28632786,0.0,16,8,1,1,1,0,0,CA,1,0,0,0,0,0,0,1,0,0.0,1622.9499999999991,0.0,0.0,0.0,0.0,6,12,4,12
19080852,24043.6,82,2,1,0,0,1,0,CA,1,0,0,0,0,0,1,1,1,659.3926121212126,659.3926121212126,659.3926121212126,0.11694949494949496,0.11694949494949496,0.11694949494949496,345,45,39,66
23165169,19841.7,44,9,0,1,1,0,0,CA,1,0,0,0,0,0,1,0,1,116.64918125000005,0.0,116.64918125000005,36.9637106918239,36.9637106918239,36.9637106918239,44,38,36,40
23173278,13948.0,44,7,2,0,0,1,0,CA,1,0,0,0,0,0,1,0,0,182.07999999999996,0.0,0.0,68.58727272727273,68.58727272727273,0.0,2,12,7,1
13631380,13137.0,73,3,1,1,0,1,0,TX,0,0,1,0,0,0,1,1,1,744.8392751937989,744.8392751937989,744.8392751937989,2.0082403100775195,2.0082403100775195,2.0082403100775195,150,162,138,66
29994580,28540.6,55,5,2,0,0,1,0,NY,0,1,0,0,0,0,1,1,1,3227.274541012215,3227.274541012215,3227.274541012215,-3.3302111692844676,-3.3302111692844676,-3.3302111692844676,27,66,81,399
13633940,12722.0,50,10,1,1,1,0,0,CA,1,0,0,0,0,0,0,1,1,0.0,4950.295541666665,4950.295541666665,0.0,0.0,-103.55323958333334,12,12,48,24
13634410,7169.0,40,10,1,1,1,0,0,AZ,0,0,0,0,1,0,1,1,1,468.69579881656796,468.69579881656796,468.69579881656796,26.128110453648915,26.128110453648915,26.128110453648915,291,132,57,27
20450835,2721.0,23,5,2,1,1,0,0,OTHER,0,0,0,0,0,0,1,1,0,3480.240231617646,3480.240231617646,0.0,-49.55033088235294,-49.55033088235294,0.0,214,22,16,20
14992395,15291.1,78,8,2,1,0,1,0,NY,0,1,0,0,0,0,1,1,1,1132.076270440252,1132.076270440252,1132.076270440252,29.582025157232703,29.582025157232703,29.582025157232703,198,201,48,30
16356768,0.0,16,8,3,1,1,0,0,NY,0,1,0,0,0,0,0,1,0,0.0,2581.5270000000014,0.0,0.0,0.0,0.0,3,5,14,10
19088552,51692.2,54,3,2,1,0,0,1,OTHER,0,0,0,0,0,0,0,1,1,0.0,5747.800524271846,5747.800524271846,0.0,0.0,-5.011747572815534,6,6,34,160
23170694,0.0,20,8,0,1,1,0,0,IL,0,0,0,1,0,0,0,1,0,0.0,12459.104999999992,0.0,0.0,0.0,0.0,10,10,10,10
21812176,50684.4,46,9,1,1,1,0,0,NY,0,1,0,0,0,0,1,1,1,2867.24162388592,2867.24162388592,2867.24162388592,-3.412121212121212,-3.412121212121212,-3.412121212121212,369,87,72,33
20444415,8257.5,23,5,2,1,1,0,0,OTHER,0,0,0,0,0,0,1,0,1,4023.1132499999935,0.0,4023.1132499999935,-40.58146103896104,-40.58146103896104,-40.58146103896104,218,26,26,38
14989634,32821.8,38,8,4,1,0,1,0,OTHER,0,0,0,0,0,0,1,0,1,4177.107358490574,0.0,4177.107358490574,-155.87632075471697,-155.87632075471697,-155.87632075471697,30,32,216,40
28625667,0.0,17,2,1,1,1,0,0,OTHER,0,0,0,0,0,0,0,1,1,0.0,351.4465384615384,351.4465384615384,0.0,0.0,14.681134615384615,8,10,12,22
24539868,136602.0,42,0,2,0,0,0,1,CA,1,0,0,0,0,0,1,1,1,1127.482698412698,1127.482698412698,1127.482698412698,42.53846808510638,42.53846808510638,42.53846808510638,12,9,90,75
20439480,74794.5,60,7,2,0,0,1,0,TX,0,0,1,0,0,0,1,0,0,18599.253000000022,0.0,0.0,-337.1348484848485,-337.1348484848485,0.0,99,0,0,0
17716582,0.0,12,4,2,0,1,0,0,IL,0,0,0,1,0,0,1,0,1,1612.079419491524,0.0,1612.079419491524,19.93447033898305,19.93447033898305,19.93447033898305,176,22,22,16
25897342,8908.0,41,6,2,0,0,1,0,AZ,0,0,0,0,1,0,1,1,1,9097.85795522388,9097.85795522388,9097.85795522388,24.81381094527363,24.81381094527363,24.81381094527363,249,210,72,72
25892098,3569.2,33,9,0,0,1,0,0,OTHER,0,0,0,0,0,0,1,1,1,4148.292450704225,4148.292450704225,4148.292450704225,41.989633802816904,41.989633802816904,41.989633802816904,54,51,57,51
19075014,91485.8,59,9,3,1,0,1,0,CA,1,0,0,0,0,0,1,0,1,537.141640449438,0.0,537.141640449438,4.929775280898877,4.929775280898877,4.929775280898877,50,56,30,42
17720014,12508.6,42,9,3,0,0,1,0,OTHER,0,0,0,0,0,0,1,1,1,2151.0081161904745,2151.0081161904745,2151.0081161904745,18.21749523809524,18.21749523809524,18.21749523809524,48,51,96,330
17716868,7696.0,62,9,2,1,0,0,1,OTHER,0,0,0,0,0,0,1,1,1,732.6904180180181,732.6904180180181,732.6904180180181,14.660954954954954,14.660954954954954,14.660954954954954,384,78,60,33
17715854,15576.6,29,6,2,1,1,0,0,OTHER,0,0,0,0,0,0,1,0,0,16637.23500000003,0.0,0.0,23.088333333333335,23.088333333333335,0.0,93,6,0,0
16359612,8398.1,43,3,3,1,1,0,0,AZ,0,0,0,0,1,0,1,1,0,2905.2948749999973,2905.2948749999973,0.0,-44.170530303030304,-44.170530303030304,0.0,12,22,210,20
28627956,4873.3,65,5,1,0,0,0,1,CA,1,0,0,0,0,0,1,1,1,1516.7490747781994,1516.7490747781994,1516.7490747781994,5.918519645120406,5.918519645120406,5.918519645120406,399,138,117,135
21811792,148782.4,35,8,3,0,0,1,0,TX,0,0,1,0,0,0,1,1,1,7144.651946428552,7144.651946428552,7144.651946428552,7.362202380952381,7.362202380952381,7.362202380952381,90,87,72,87
29993458,0.0,19,11,0,1,1,0,0,CA,1,0,0,0,0,0,0,1,0,0.0,4955.196999999995,0.0,0.0,0.0,0.0,14,7,10,13
19079144,26128.2,40,10,4,0,0,1,0,OTHER,0,0,0,0,0,0,1,1,0,1997.4180294117643,1997.4180294117643,0.0,2.066470588235294,2.066470588235294,0.0,18,14,18,18
17713644,8260.2,62,9,2,0,0,1,0,OTHER,0,0,0,0,0,0,1,1,1,827.7319247311831,827.7319247311831,827.7319247311831,13.276093189964158,13.276093189964158,13.276093189964158,357,54,63,84
23178599,12106.9,46,2,0,1,1,0,0,NY,0,1,0,0,0,0,1,1,1,1113.136799054373,1113.136799054373,1113.136799054373,18.96741843971631,18.96741843971631,18.96741843971631,258,60,21,84
31345136,130173.1,31,1,2,1,0,1,0,OTHER,0,0,0,0,0,0,1,0,1,1356.6073828124995,0.0,1356.6073828124995,-36.2865234375,-36.2865234375,-36.2865234375,6,6,6,238
17720729,16669.9,62,9,2,1,1,0,0,OTHER,0,0,0,0,0,0,1,1,1,4578.038814814813,4578.038814814813,4578.038814814813,19.9960582010582,19.9960582010582,19.9960582010582,54,39,39,57
19082952,80656.8,59,9,3,0,0,1,0,IL,0,0,0,1,0,0,0,0,1,0.0,0.0,3082.410000000002,0.0,0.0,17.10195652173913,12,16,14,4
20443935,124942.5,63,10,3,0,0,0,0,TX,0,0,1,0,0,0,1,1,1,2820.5584999999987,2820.5584999999987,2820.5584999999987,-46.708035714285714,-46.708035714285714,-46.708035714285714,108,105,201,90
27249980,74360.0,65,7,0,0,0,1,0,NY,0,1,0,0,0,0,0,0,1,0.0,0.0,20709.469999999983,0.0,0.0,-83.93105263157895,14,7,6,11
16361532,4852.7,72,12,3,1,0,1,0,OTHER,0,0,0,0,0,0,1,0,1,2934.2843932584256,0.0,2934.2843932584256,-11.647050561797753,-11.647050561797753,-11.647050561797753,146,126,44,40
16355784,0.0,18,10,3,1,1,0,0,IL,0,0,0,1,0,0,0,1,0,0.0,9560.012999999995,0.0,0.0,0.0,0.0,10,10,10,10
24532524,30913.2,83,1,2,0,0,1,0,CA,1,0,0,0,0,0,1,1,1,265.60581818181817,265.60581818181817,265.60581818181817,-6.24020606060606,-6.24020606060606,-6.24020606060606,345,45,39,66
28629531,11494.1,51,1,1,0,0,1,0,CA,1,0,0,0,0,0,1,1,1,2998.7824637681165,2998.7824637681165,2998.7824637681165,-28.68024396135266,-28.68024396135266,-28.68024396135266,30,30,213,141
19080040,0.0,16,8,1,1,1,0,0,CA,1,0,0,0,0,0,0,1,0,0.0,11743.061999999993,0.0,0.0,0.0,0.0,9,10,11,10
25889970,3014.2,71,8,0,1,1,0,0,CA,1,0,0,0,0,0,1,0,1,6326.898914893619,0.0,6326.898914893619,33.605081560283686,33.605081560283686,33.605081560283686,280,2,0,0
23166410,9221.5,42,8,3,1,0,0,0,OTHER,0,0,0,0,0,0,1,0,1,1199.6921279069766,0.0,1199.6921279069766,25.95931007751938,25.95931007751938,25.95931007751938,198,0,24,36
19082938,31809.4,54,3,3,1,0,1,0,IL,0,0,0,1,0,0,1,1,0,234.0943783783786,234.0943783783786,0.0,0.15328828828828828,0.15328828828828828,0.0,96,46,74,6
14990855,5088.6,80,10,2,1,0,0,1,NY,0,1,0,0,0,0,1,1,1,378.6672227979274,378.6672227979274,378.6672227979274,-3.326979274611399,-3.326979274611399,-3.326979274611399,363,69,60,87
21813184,38467.0,36,9,2,1,0,0,0,CA,1,0,0,0,0,0,1,0,0,14777.64099999999,0.0,0.0,-27.98,-27.98,0.0,10,14,7,13
23167549,12717.5,37,3,3,1,0,1,0,OTHER,0,0,0,0,0,0,0,0,1,0.0,0.0,440.0699999999999,0.0,0.0,77.98263636363636,4,8,5,5
21813360,7298.2,54,5,1,1,0,1,0,OTHER,0,0,0,0,0,0,1,0,1,409.5242181208056,0.0,409.5242181208056,2.5128355704697984,2.5128355704697984,2.5128355704697984,20,28,218,32
31340007,4436.7,79,8,0,1,0,1,0,OTHER,0,0,0,0,0,0,1,1,1,973.1900957854402,973.1900957854402,973.1900957854402,-7.9141954022988505,-7.9141954022988505,-7.9141954022988505,360,36,66,60
23172360,0.0,18,6,0,1,1,0,0,OTHER,0,0,0,0,0,0,0,1,0,0.0,2484.089,0.0,0.0,0.0,0.0,3,8,6,4
28628355,3687.4,52,2,1,1,0,1,0,CA,1,0,0,0,0,0,1,0,0,262.52999999999975,0.0,0.0,6.555292929292929,6.555292929292929,0.0,3,96,0,0
23166036,10824.7,34,5,0,0,1,0,0,NY,0,1,0,0,0,0,1,1,1,1764.945845714286,1764.945845714286,1764.945845714286,22.596775238095237,22.596775238095237,22.596775238095237,351,51,54,69
19077954,18191.6,27,6,2,1,0,0,0,CA,1,0,0,0,0,0,1,1,0,587.9041428571433,587.9041428571433,0.0,0.40055555555555555,0.40055555555555555,0.0,18,10,216,8
31352795,35192.3,69,7,0,0,0,1,0,OTHER,0,0,0,0,0,0,1,1,1,542.2909498207879,542.2909498207879,542.2909498207879,-4.484838709677419,-4.484838709677419,-4.484838709677419,360,93,51,54
21801456,70033.6,64,7,1,1,1,0,0,OH,0,0,0,0,0,1,1,0,1,3871.784780788179,0.0,3871.784780788179,-2.345551724137931,-2.345551724137931,-2.345551724137931,242,48,70,46
27264240,18100.0,65,7,0,1,0,1,0,OH,0,0,0,0,0,1,1,0,1,5555.2217571428555,0.0,5555.2217571428555,-16.467714285714287,-16.467714285714287,-16.467714285714287,222,18,16,24
24538140,10692.0,30,3,3,1,0,1,0,OTHER,0,0,0,0,0,0,1,0,0,3287.7000000000057,0.0,0.0,-83.89134343434344,-83.89134343434344,0.0,6,54,39,0
21802000,78429.0,37,10,4,0,0,1,0,OTHER,0,0,0,0,0,0,1,0,1,3758.2974523809507,0.0,3758.2974523809507,25.639809523809525,25.639809523809525,25.639809523809525,56,36,14,20
19079158,25076.8,33,3,4,1,0,1,0,OTHER,0,0,0,0,0,0,0,0,1,0.0,0.0,565.4979999999997,0.0,0.0,1.57,4,8,5,5
29977706,34218.8,78,8,0,0,0,1,0,TX,0,0,1,0,0,0,1,1,0,326.2126617647057,326.2126617647057,0.0,2.58825,2.58825,0.0,114,6,6,10
14991768,61892.6,46,6,7,0,0,0,1,OTHER,0,0,0,0,0,0,1,0,1,20344.83283653848,0.0,20344.83283653848,163.52251442307693,163.52251442307693,163.52251442307693,254,54,58,50
29993172,166958.0,45,5,0,0,0,0,1,CA,1,0,0,0,0,0,1,1,1,7624.2385873015855,7624.2385873015855,7624.2385873015855,13.611734042553191,13.611734042553191,13.611734042553191,12,9,90,75
29988838,22946.0,31,10,0,1,1,0,0,NY,0,1,0,0,0,0,1,0,1,1800.7080454545437,0.0,1800.7080454545437,-7.465607438016529,-7.465607438016529,-7.465607438016529,12,26,108,96
25902738,9633.8,60,7,1,0,0,1,0,CA,1,0,0,0,0,0,1,0,1,17138.66084999999,0.0,17138.66084999999,41.90440909090909,41.90440909090909,41.90440909090909,168,52,0,0
25894283,1536.7,89,6,0,0,1,0,0,OTHER,0,0,0,0,0,0,1,1,1,369.8097039106146,369.8097039106146,369.8097039106146,24.663666666666668,24.663666666666668,24.663666666666668,366,51,63,57
28631946,7809.1,37,7,1,0,1,0,0,OTHER,0,0,0,0,0,0,1,0,1,2787.7975000000006,0.0,2787.7975000000006,2.0959,2.0959,2.0959,28,16,20,96
16358400,4413.2,21,6,3,0,1,0,0,CA,1,0,0,0,0,0,1,1,1,1222.5252316384199,1222.5252316384199,1222.5252316384199,-3.3247269303201508,-3.3247269303201508,-3.3247269303201508,141,240,84,66
29996428,7345.8,25,10,0,1,1,0,0,CA,1,0,0,0,0,0,1,1,1,3284.9610354166675,3284.9610354166675,3284.9610354166675,-5.010639583333333,-5.010639583333333,-5.010639583333333,90,111,210,69
13626570,27946.0,40,9,1,1,1,0,0,CA,1,0,0,0,0,0,1,0,1,188.47770624999984,0.0,188.47770624999984,-7.972955974842767,-7.972955974842767,-7.972955974842767,44,38,36,40
19078038,0.0,17,2,1,1,1,0,0,NY,0,1,0,0,0,0,1,1,1,623.235427860697,623.235427860697,623.235427860697,-0.3428358208955224,-0.3428358208955224,-0.3428358208955224,30,144,111,117
24525054,10416.6,20,3,2,0,1,0,0,CA,1,0,0,0,0,0,1,0,0,2827.780000000001,0.0,0.0,-66.52867676767677,-66.52867676767677,0.0,27,47,25,0
23173159,0.0,21,2,0,1,1,0,0,OTHER,0,0,0,0,0,0,0,1,1,0.0,603.9326538461539,603.9326538461539,0.0,0.0,48.548115384615386,8,10,12,22
20441580,18684.0,36,3,4,0,0,1,0,IL,0,0,0,1,0,0,1,0,0,11259.422999999977,0.0,0.0,-203.09949494949495,-203.09949494949495,0.0,99,0,0,0
17713982,23452.0,23,9,4,1,0,1,0,NY,0,1,0,0,0,0,0,1,0,0.0,4280.413,0.0,0.0,0.0,0.0,3,3,3,31
25905778,1804.0,30,6,2,1,0,0,1,OTHER,0,0,0,0,0,0,1,1,1,5771.5527333333375,5771.5527333333375,5771.5527333333375,36.19147037037037,36.19147037037037,36.19147037037037,54,69,72,75
16350852,1282.7,22,7,3,0,1,0,0,OTHER,0,0,0,0,0,0,1,1,1,576.1101450381691,576.1101450381691,576.1101450381691,-4.165139949109415,-4.165139949109415,-4.165139949109415,297,27,36,33
25898083,1233.7,79,6,0,1,0,1,0,NY,0,1,0,0,0,0,0,1,1,0.0,5048.211205882353,5048.211205882353,0.0,0.0,35.71532352941176,38,38,30,64
28613991,1282.7,20,5,1,0,1,0,0,OTHER,0,0,0,0,0,0,1,1,1,354.51399491094145,354.51399491094145,354.51399491094145,1.0939770992366413,1.0939770992366413,1.0939770992366413,297,27,36,33
19075588,61460.0,37,7,3,1,0,1,0,NY,0,1,0,0,0,0,1,1,1,1636.6142536231887,1636.6142536231887,1636.6142536231887,0.9393840579710145,0.9393840579710145,0.9393840579710145,69,81,36,90
24533406,9039.6,86,4,2,0,0,1,0,TX,0,0,1,0,0,0,1,0,0,557.9100000000013,0.0,0.0,4.083636363636364,4.083636363636364,0.0,99,0,0,0
27255620,62026.0,31,3,0,0,1,0,0,OTHER,0,0,0,0,0,0,1,1,0,4518.270216814162,4518.270216814162,0.0,32.82495575221239,32.82495575221239,0.0,6,6,94,120
13631690,13113.0,20,5,1,1,1,0,0,IL,0,0,0,1,0,0,1,1,1,167.44041666666675,167.44041666666675,167.44041666666675,86.83467222222222,86.83467222222222,86.83467222222222,33,57,66,24
16355112,1360.6,68,8,3,1,0,1,0,OH,0,0,0,0,0,1,1,1,1,1389.2749606741563,1389.2749606741563,1389.2749606741563,-12.991067415730337,-12.991067415730337,-12.991067415730337,120,204,132,78
21807888,53825.2,30,3,2,1,0,0,1,OTHER,0,0,0,0,0,0,1,1,0,4373.6319124087595,4373.6319124087595,0.0,7.843368613138686,7.843368613138686,0.0,20,134,90,30
17715269,40686.1,36,3,2,0,0,1,0,OTHER,0,0,0,0,0,0,1,1,0,1408.855909090909,1408.855909090909,0.0,18.47056818181818,18.47056818181818,0.0,12,12,12,52
17723407,0.0,10,9,2,1,1,0,0,CA,1,0,0,0,0,0,0,1,0,0.0,2277.709000000001,0.0,0.0,0.0,0.0,14,7,10,13
19080432,78772.4,45,5,6,0,0,0,1,OTHER,0,0,0,0,0,0,1,0,1,16301.011598557696,0.0,16301.011598557696,4.5571153846153845,4.5571153846153845,4.5571153846153845,254,54,58,50
21814256,40934.4,50,3,3,1,0,1,0,NY,0,1,0,0,0,0,1,0,0,759.3419999999993,0.0,0.0,7.83020202020202,7.83020202020202,0.0,48,51,0,0
24525558,80535.6,33,1,4,1,0,1,0,IL,0,0,0,1,0,0,1,0,1,3598.857061068695,0.0,3598.857061068695,-52.28119465648855,-52.28119465648855,-52.28119465648855,210,24,14,14
21812592,47967.4,39,12,1,0,0,1,0,OH,0,0,0,0,0,1,0,0,1,0.0,0.0,3240.584000000001,0.0,0.0,7.26996875,9,8,7,8
24530472,122470.2,50,8,2,0,1,0,0,OTHER,0,0,0,0,0,0,1,1,1,3013.342294117643,3013.342294117643,3013.342294117643,5.414605882352941,5.414605882352941,5.414605882352941,324,84,54,48
17715737,22635.6,29,5,4,1,0,0,1,OTHER,0,0,0,0,0,0,1,1,1,5165.051121399175,5165.051121399175,5165.051121399175,9.16369341563786,9.16369341563786,9.16369341563786,351,63,39,33
27250920,20050.0,35,7,0,1,0,1,0,NY,0,1,0,0,0,0,1,1,1,6709.470931419464,6709.470931419464,6709.470931419464,-2.9941786283891547,-2.9941786283891547,-2.9941786283891547,390,63,84,90
29981930,0.0,22,7,0,0,1,0,0,IL,0,0,0,1,0,0,1,1,1,3034.009103448271,3034.009103448271,3034.009103448271,-4.3802781609195405,-4.3802781609195405,-4.3802781609195405,306,9,9,111
31339110,47292.6,50,0,2,1,0,1,0,OTHER,0,0,0,0,0,0,0,1,0,0.0,446.71000000000004,0.0,0.0,0.0,0.0,3,3,3,3
14995673,18236.9,37,7,4,0,0,1,0,OTHER,0,0,0,0,0,0,1,1,1,2222.495863547762,2222.495863547762,2222.495863547762,-12.500730994152047,-12.500730994152047,-12.500730994152047,354,60,69,30
27269420,60030.0,30,2,2,0,0,1,0,OTHER,0,0,0,0,0,0,1,1,1,3409.9226321839074,3409.9226321839074,3409.9226321839074,-13.002816091954022,-13.002816091954022,-13.002816091954022,9,18,384,111
20445660,23842.5,51,8,3,1,0,1,0,OTHER,0,0,0,0,0,0,0,0,1,0.0,0.0,3073.5179999999987,0.0,0.0,-34.61234042553191,9,8,14,16
16355760,1722.2,21,6,3,0,1,0,0,IL,0,0,0,1,0,0,1,1,1,789.389601036269,789.389601036269,789.389601036269,-11.280466321243523,-11.280466321243523,-11.280466321243523,342,54,42,141
17715243,16892.2,22,8,3,1,0,0,0,CA,1,0,0,0,0,0,1,1,0,657.9740714285728,657.9740714285728,0.0,22.56138888888889,22.56138888888889,0.0,18,10,216,8
17716153,40316.9,27,4,2,0,1,0,0,OTHER,0,0,0,0,0,0,1,1,0,2452.772902654866,2452.772902654866,0.0,30.068517699115045,30.068517699115045,0.0,6,6,94,120
14995607,62946.4,37,7,4,0,0,1,0,TX,0,0,1,0,0,0,1,1,1,4661.778681547615,4661.778681547615,4661.778681547615,43.135803571428575,43.135803571428575,43.135803571428575,90,87,72,87
20438775,42139.5,74,11,2,0,0,1,0,IL,0,0,0,1,0,0,1,0,0,1930.5929999999958,0.0,0.0,-5.373434343434344,-5.373434343434344,0.0,99,0,0,0
13629300,0.0,18,3,1,0,1,0,0,TX,0,0,1,0,0,0,0,1,1,0.0,1871.24444,1871.24444,0.0,0.0,320.08862,24,10,6,10
24536826,129949.2,34,2,2,0,1,0,0,TX,0,0,1,0,0,0,1,0,0,9982.780000000019,0.0,0.0,-391.5480505050505,-391.5480505050505,0.0,3,3,3,90
28613151,9395.8,32,2,3,1,0,1,0,IL,0,0,0,1,0,0,1,0,1,3530.857061068695,0.0,3530.857061068695,-8.37937786259542,-8.37937786259542,-8.37937786259542,210,24,14,14
28616763,5646.1,35,5,1,1,0,1,0,CA,1,0,0,0,0,0,1,1,1,1748.3243750000006,1748.3243750000006,1748.3243750000006,-2.6303506944444446,-2.6303506944444446,-2.6303506944444446,372,60,60,84
28623210,929.0,19,4,1,0,1,0,0,OTHER,0,0,0,0,0,0,1,1,1,447.75377777777794,447.75377777777794,447.75377777777794,5.99220404040404,5.99220404040404,5.99220404040404,243,159,48,45
31345527,50602.3,44,4,0,1,1,0,0,OTHER,0,0,0,0,0,0,1,0,1,437.8004046242777,0.0,437.8004046242777,1.1173410404624278,1.1173410404624278,1.1173410404624278,230,40,30,46
28629216,1533.4,20,5,1,1,1,0,0,OTHER,0,0,0,0,0,0,1,1,1,791.4387280701752,791.4387280701752,791.4387280701752,-1.0006198830409356,-1.0006198830409356,-1.0006198830409356,402,93,93,96
31342353,29886.2,26,5,1,1,0,0,0,CA,1,0,0,0,0,0,1,1,0,235.61142857142875,235.61142857142875,0.0,0.05682539682539683,0.05682539682539683,0.0,18,10,216,8
21815920,51061.4,36,6,4,1,0,0,1,CA,1,0,0,0,0,0,1,1,0,4367.830299999991,4367.830299999991,0.0,-2.205925925925926,-2.205925925925926,0.0,24,34,100,112
27265960,112592.0,38,10,2,0,0,1,0,IL,0,0,0,1,0,0,1,0,0,52682.87099999999,0.0,0.0,-307.48979797979797,-307.48979797979797,0.0,99,0,0,0
23179228,7273.2,57,3,0,1,1,0,0,OTHER,0,0,0,0,0,0,1,0,1,1502.878282608697,0.0,1502.878282608697,31.22086956521739,31.22086956521739,31.22086956521739,50,182,22,22
27265060,78582.0,58,10,1,1,0,0,0,IL,0,0,0,1,0,0,1,1,1,11612.687486742412,11612.687486742412,11612.687486742412,-28.351193181818182,-28.351193181818182,-28.351193181818182,144,165,141,78
21810272,105744.6,30,3,3,0,0,0,1,IL,0,0,0,1,0,0,1,1,1,615.7522065439666,615.7522065439666,615.7522065439666,-1.6153087934560326,-1.6153087934560326,-1.6153087934560326,33,165,201,90
24527520,6706.8,73,1,2,1,0,1,0,AZ,0,0,0,0,1,0,0,1,1,0.0,1171.9787500000014,1171.9787500000014,0.0,0.0,36.96264,48,52,60,40
24531750,15625.8,70,8,2,1,0,1,0,OTHER,0,0,0,0,0,0,1,1,1,806.0852742616039,806.0852742616039,806.0852742616039,11.557651898734177,11.557651898734177,11.557651898734177,300,78,51,45
23178242,26402.1,41,7,0,0,1,0,0,OTHER,0,0,0,0,0,0,1,0,1,5161.785999999996,0.0,5161.785999999996,37.18380625,37.18380625,37.18380625,28,16,20,96
24534558,94575.6,37,5,5,0,0,0,0,CA,1,0,0,0,0,0,1,0,0,2684.019999999996,0.0,0.0,52.88048484848485,52.88048484848485,0.0,99,0,0,0
31344906,31625.0,19,1,0,0,1,0,0,IL,0,0,0,1,0,0,1,1,1,1286.694262295082,1286.694262295082,1286.694262295082,-4.730765027322405,-4.730765027322405,-4.730765027322405,333,48,36,132
27258420,39974.0,45,7,2,1,0,0,1,OTHER,0,0,0,0,0,0,1,0,1,2601.260066666667,0.0,2601.260066666667,47.629333333333335,47.629333333333335,47.629333333333335,52,44,38,46
21814160,6016.4,88,11,1,1,0,1,0,OTHER,0,0,0,0,0,0,0,1,1,0.0,1460.177079710146,1460.177079710146,0.0,0.0,20.021282608695653,14,28,44,52
24525198,4530.6,85,3,2,0,1,0,0,NY,0,1,0,0,0,0,1,1,1,225.74592198581558,225.74592198581558,225.74592198581558,-4.396439716312057,-4.396439716312057,-4.396439716312057,327,81,69,87
25903916,2869.0,42,9,0,1,0,1,0,OTHER,0,0,0,0,0,0,1,0,1,4832.221974137925,0.0,4832.221974137925,36.33085057471264,36.33085057471264,36.33085057471264,170,156,22,0
17719182,20018.7,56,3,2,0,0,1,0,NY,0,1,0,0,0,0,0,1,0,0.0,1438.4580000000003,0.0,0.0,0.0,0.0,3,3,3,3
25902130,0.0,21,3,0,0,1,0,0,TX,0,0,1,0,0,0,1,1,0,931.3425993150682,931.3425993150682,0.0,37.85634931506849,37.85634931506849,0.0,204,6,6,76
23174978,8663.4,84,10,0,0,0,1,0,OTHER,0,0,0,0,0,0,1,1,1,1033.463812121212,1033.463812121212,1033.463812121212,20.17488282828283,20.17488282828283,20.17488282828283,255,78,21,141
13630150,24545.0,53,3,2,1,0,1,0,CA,1,0,0,0,0,0,1,1,0,786.3880405405412,786.3880405405412,0.0,-3.1466846846846845,-3.1466846846846845,0.0,34,64,70,54
16351152,0.0,18,3,3,1,1,0,0,TX,0,0,1,0,0,0,0,1,0,0.0,1197.3450000000005,0.0,0.0,0.0,0.0,3,3,7,13
29984592,18865.0,57,7,1,1,0,1,0,TX,0,0,1,0,0,0,1,1,1,837.4102789115643,837.4102789115643,837.4102789115643,2.418514739229025,2.418514739229025,2.418514739229025,90,114,126,111
31340329,35774.2,73,3,0,0,0,1,0,TX,0,0,1,0,0,0,1,1,0,195.41632352941178,195.41632352941178,0.0,-1.908014705882353,-1.908014705882353,0.0,114,6,6,10
14994408,4605.7,21,6,2,1,1,0,0,OTHER,0,0,0,0,0,0,1,1,1,4632.803417840378,4632.803417840378,4632.803417840378,-51.35677464788733,-51.35677464788733,-51.35677464788733,33,54,69,57
16354116,5733.6,62,12,4,1,0,0,1,OTHER,0,0,0,0,0,0,1,1,0,5191.613634146342,5191.613634146342,0.0,1.3884959349593495,1.3884959349593495,0.0,214,14,8,10
17725058,0.0,11,10,2,1,1,0,0,CA,1,0,0,0,0,0,0,1,0,0.0,5761.511999999997,0.0,0.0,0.0,0.0,6,12,4,12
24536430,33030.0,40,5,4,1,0,1,0,CA,1,0,0,0,0,0,0,1,1,0.0,1590.8088888888879,1590.8088888888879,0.0,0.0,163.10620833333334,14,20,18,20
21812032,0.0,16,4,1,1,1,0,0,CA,1,0,0,0,0,0,1,1,1,450.3318158508161,450.3318158508161,450.3318158508161,2.8098181818181818,2.8098181818181818,2.8098181818181818,174,171,48,36
13634480,27239.0,58,8,1,0,1,0,0,CA,1,0,0,0,0,0,1,1,1,4720.987230202581,4720.987230202581,4720.987230202581,-75.33425598526703,-75.33425598526703,-75.33425598526703,372,39,63,69
13632510,18597.0,20,5,1,0,1,0,0,CA,1,0,0,0,0,0,1,1,0,7075.573679856115,7075.573679856115,0.0,-77.08564028776978,-77.08564028776978,0.0,84,110,74,10
17720066,47403.2,28,5,2,0,1,0,0,TX,0,0,1,0,0,0,1,0,1,12700.956100000027,0.0,12700.956100000027,3.48342,3.48342,3.48342,50,80,50,70
31345274,49358.0,53,2,0,1,0,1,0,AZ,0,0,0,0,1,0,0,1,0,0.0,1394.5100000000004,0.0,0.0,0.0,0.0,18,13,8,9
24530940,19679.4,20,3,2,1,1,0,0,OTHER,0,0,0,0,0,0,1,1,1,243.83722222222235,243.83722222222235,243.83722222222235,6.867807692307692,6.867807692307692,6.867807692307692,339,42,60,27
27264540,29918.0,21,2,0,0,1,0,0,NY,0,1,0,0,0,0,1,0,1,15645.754066666688,0.0,15645.754066666688,5.187074074074074,5.187074074074074,5.187074074074074,12,28,30,200
31355233,17174.1,41,1,0,1,1,0,0,TX,0,0,1,0,0,0,1,1,1,1023.645416666666,1023.645416666666,1023.645416666666,-1.3422159090909092,-1.3422159090909092,-1.3422159090909092,351,39,54,84
19076680,41993.0,32,2,1,0,0,1,0,TX,0,0,1,0,0,0,1,0,0,6923.462000000013,0.0,0.0,-8.51060606060606,-8.51060606060606,0.0,99,0,0,0
23174519,7752.5,78,4,0,0,0,1,0,IL,0,0,0,1,0,0,0,0,1,0.0,0.0,3314.3699999999967,0.0,0.0,79.26048101265823,17,16,21,25
13629900,0.0,17,2,1,1,1,0,0,TX,0,0,1,0,0,0,1,1,1,2489.670257440476,2489.670257440476,2489.670257440476,-28.493049107142856,-28.493049107142856,-28.493049107142856,387,81,93,111
29990026,103114.0,64,14,0,0,0,1,0,CA,1,0,0,0,0,0,1,0,0,9322.596000000012,0.0,0.0,-50.41362626262626,-50.41362626262626,0.0,99,0,0,0
19080656,26447.4,70,10,1,0,0,0,1,OTHER,0,0,0,0,0,0,1,1,1,988.1248301886792,988.1248301886792,988.1248301886792,0.8726415094339622,0.8726415094339622,0.8726415094339622,126,102,117,132
17712539,7523.1,14,6,2,0,1,0,0,CA,1,0,0,0,0,0,1,0,0,14469.047000000015,0.0,0.0,28.498232323232322,28.498232323232322,0.0,27,47,25,0
17713033,29070.6,59,6,2,0,0,1,0,IL,0,0,0,1,0,0,0,0,1,0.0,0.0,4669.530999999996,0.0,0.0,2.8539583333333334,1,3,22,22
13630840,34791.0,53,3,3,1,0,1,0,OTHER,0,0,0,0,0,0,1,0,1,7888.584130434772,0.0,7888.584130434772,-186.7468304347826,-186.7468304347826,-186.7468304347826,6,6,188,30
27253500,21216.0,63,5,0,1,0,1,0,OTHER,0,0,0,0,0,0,1,1,1,6164.2990035461025,6164.2990035461025,6164.2990035461025,-20.837482269503546,-20.837482269503546,-20.837482269503546,69,66,63,84
16354716,0.0,18,10,3,0,1,0,0,OTHER,0,0,0,0,0,0,0,1,0,0.0,2399.187,0.0,0.0,0.0,0.0,3,3,6,10
27266760,0.0,13,7,0,1,1,0,0,CA,1,0,0,0,0,0,0,1,0,0.0,6819.480000000001,0.0,0.0,0.0,0.0,7,8,5,6
19076666,45012.8,33,3,1,1,0,1,0,TX,0,0,1,0,0,0,1,1,1,2833.5715892857124,2833.5715892857124,2833.5715892857124,0.8752678571428572,0.8752678571428572,0.8752678571428572,111,90,111,24
23170473,53335.9,63,9,0,1,0,0,0,IL,0,0,0,1,0,0,0,1,1,0.0,8337.30021649485,8337.30021649485,0.0,0.0,59.82127319587629,52,42,50,50
20447955,28632.0,57,4,4,1,0,1,0,CA,1,0,0,0,0,0,1,1,1,2011.7446058823546,2011.7446058823546,2011.7446058823546,-25.86470588235294,-25.86470588235294,-25.86470588235294,141,162,99,108
29980720,96120.2,73,13,0,0,0,1,0,CA,1,0,0,0,0,0,1,0,0,6679.152999999995,0.0,0.0,-96.66115789473685,-96.66115789473685,0.0,15,14,17,11
20437875,9450.0,82,9,2,1,1,0,0,IL,0,0,0,1,0,0,1,1,1,2121.7302542372877,2121.7302542372877,2121.7302542372877,13.925282485875707,13.925282485875707,13.925282485875707,417,102,87,102
21804208,55114.8,50,3,2,1,0,1,0,CA,1,0,0,0,0,0,1,0,1,371.2145454545448,0.0,371.2145454545448,2.924459090909091,2.924459090909091,2.924459090909091,6,12,106,96
31349276,179153.9,35,2,0,0,1,0,0,NY,0,1,0,0,0,0,1,1,0,602.1947297297309,602.1947297297309,0.0,-4.967837837837838,-4.967837837837838,0.0,72,46,98,6
28614894,3788.4,28,7,3,1,0,1,0,NY,0,1,0,0,0,0,0,1,0,0.0,1655.3799999999992,0.0,0.0,0.0,0.0,3,3,3,31
28616742,4155.7,40,10,1,0,1,0,0,OTHER,0,0,0,0,0,0,1,1,0,359.3920930232556,359.3920930232556,0.0,2.259503875968992,2.259503875968992,0.0,222,8,12,16
19081286,0.0,17,2,1,0,1,0,0,CA,1,0,0,0,0,0,1,1,1,2053.6875366300364,2053.6875366300364,2053.6875366300364,-0.5932600732600732,-0.5932600732600732,-0.5932600732600732,189,141,138,78
13632610,19494.0,47,7,1,1,1,0,0,NY,0,1,0,0,0,0,1,1,1,3287.9891693404597,3287.9891693404597,3287.9891693404597,-68.37727272727273,-68.37727272727273,-68.37727272727273,369,87,72,33
23165594,20618.4,37,3,1,0,0,1,0,CA,1,0,0,0,0,0,1,1,0,2238.3983961038925,2238.3983961038925,0.0,14.394928571428572,14.394928571428572,0.0,40,28,44,42
23162670,7668.0,94,10,0,1,0,1,0,OTHER,0,0,0,0,0,0,1,0,0,3521.166000000004,0.0,0.0,48.84070526315789,48.84070526315789,0.0,23,23,26,23
23163639,21771.4,61,7,1,1,0,1,0,CA,1,0,0,0,0,0,0,1,0,0.0,19278.055999999993,0.0,0.0,0.0,0.0,16,14,16,11
21814016,62095.8,75,8,1,0,0,1,0,OTHER,0,0,0,0,0,0,0,1,0,0.0,2432.0880000000016,0.0,0.0,0.0,0.0,7,12,5,12
31357855,5322.2,88,8,0,1,0,1,0,OTHER,0,0,0,0,0,0,0,1,1,0.0,780.0914492753624,780.0914492753624,0.0,0.0,14.941739130434783,14,28,44,52
27269620,15284.0,66,8,0,1,0,1,0,OTHER,0,0,0,0,0,0,1,1,0,2153.8203750000002,2153.8203750000002,0.0,22.238598484848485,22.238598484848485,0.0,212,16,18,18
29986286,9757.0,70,10,0,1,0,1,0,NY,0,1,0,0,0,0,1,0,1,2516.74187894737,0.0,2516.74187894737,3.5447526315789473,3.5447526315789473,3.5447526315789473,52,254,36,38
29977398,4243.8,84,13,0,1,0,1,0,OTHER,0,0,0,0,0,0,1,1,1,3103.264431034484,3103.264431034484,3103.264431034484,-5.08263601532567,-5.08263601532567,-5.08263601532567,360,36,66,60
14993176,45448.7,56,6,3,0,0,1,0,CA,1,0,0,0,0,0,0,0,1,0.0,0.0,8314.036000000004,0.0,0.0,0.47382608695652173,15,20,17,17
13633450,54713.0,56,6,2,1,0,1,0,AZ,0,0,0,0,1,0,1,0,1,6444.63840625,0.0,6444.63840625,61.501125,61.501125,61.501125,152,94,20,22
23177664,0.0,22,3,0,1,1,0,0,NY,0,1,0,0,0,0,1,1,1,961.457814102564,961.457814102564,961.457814102564,20.336472222222223,20.336472222222223,20.336472222222223,216,171,33,48
28622538,6942.6,42,2,1,0,1,0,0,CA,1,0,0,0,0,0,1,1,1,1703.6628818061072,1703.6628818061072,1703.6628818061072,-5.2514236387782205,-5.2514236387782205,-5.2514236387782205,399,105,117,132
21803216,101184.2,51,4,1,1,0,1,0,CA,1,0,0,0,0,0,1,1,1,503.6537777777775,503.6537777777775,503.6537777777775,11.468807106598986,11.468807106598986,11.468807106598986,30,57,39,69
23176627,22048.3,60,6,2,0,0,1,0,OTHER,0,0,0,0,0,0,1,1,1,3914.0967568627393,3914.0967568627393,3914.0967568627393,33.386025490196076,33.386025490196076,33.386025490196076,240,150,57,63
25894055,14019.2,48,4,3,0,0,0,0,CA,1,0,0,0,0,0,0,0,1,0.0,0.0,16672.534999999996,0.0,0.0,191.36513513513515,9,9,12,7
24540174,0.0,17,0,2,0,1,0,0,TX,0,0,1,0,0,0,0,1,0,0.0,2727.4700000000007,0.0,0.0,0.0,0.0,5,11,11,14
28624197,1363.5,75,5,1,1,0,1,0,NY,0,1,0,0,0,0,0,1,1,0.0,1283.1392352941189,1283.1392352941189,0.0,0.0,-0.24327058823529413,38,38,30,64
20442825,3433.5,39,6,2,1,0,1,0,TX,0,0,1,0,0,0,1,1,0,2439.441553846153,2439.441553846153,0.0,18.996384615384617,18.996384615384617,0.0,80,100,58,22
29991236,12733.6,40,10,2,1,0,1,0,TX,0,0,1,0,0,0,0,1,0,0.0,1959.2099999999994,0.0,0.0,0.0,0.0,3,3,3,3
29987914,7480.0,23,8,0,1,1,0,0,OTHER,0,0,0,0,0,0,1,0,1,1363.1192137404578,0.0,1363.1192137404578,0.2105381679389313,0.2105381679389313,0.2105381679389313,166,68,12,16
31347804,66387.2,59,9,1,0,0,0,0,CA,1,0,0,0,0,0,1,0,1,1850.981438356167,0.0,1850.981438356167,-8.5825,-8.5825,-8.5825,174,78,18,22
21801280,76343.8,36,9,4,1,0,0,0,CA,1,0,0,0,0,0,1,1,1,554.7033910256413,554.7033910256413,554.7033910256413,0.24668589743589744,0.24668589743589744,0.24668589743589744,285,99,45,39
20442090,59073.0,29,5,3,0,0,0,1,IL,0,0,0,1,0,0,1,1,1,3439.9714759615367,3439.9714759615367,3439.9714759615367,0.45150641025641025,0.45150641025641025,0.45150641025641025,354,57,63,150
29975528,0.0,20,12,0,1,1,0,0,CA,1,0,0,0,0,0,0,1,0,0.0,5795.7699999999995,0.0,0.0,0.0,0.0,8,4,8,6
14996971,28608.8,36,6,4,1,0,0,0,OTHER,0,0,0,0,0,0,1,1,1,1872.9070997876877,1872.9070997876877,1872.9070997876877,-83.22023566878981,-83.22023566878981,-83.22023566878981,360,48,30,33
21806592,75566.4,35,8,4,0,0,1,0,NY,0,1,0,0,0,0,1,0,1,949.5313000000007,0.0,949.5313000000007,4.739374074074074,4.739374074074074,4.739374074074074,212,20,20,18
13633110,54734.0,51,1,1,0,0,1,0,CA,1,0,0,0,0,0,1,1,1,6566.774695652182,6566.774695652182,6566.774695652182,-318.29680917874396,-318.29680917874396,-318.29680917874396,30,30,213,141
13628090,25180.0,57,7,2,1,0,0,1,OTHER,0,0,0,0,0,0,1,1,1,3327.4294444444467,3327.4294444444467,3327.4294444444467,11.939037037037037,11.939037037037037,11.939037037037037,63,96,96,96
14987335,24959.0,27,6,2,1,1,0,0,NY,0,1,0,0,0,0,1,0,1,1427.5918157894732,0.0,1427.5918157894732,-34.30458771929825,-34.30458771929825,-34.30458771929825,26,36,100,180
27256740,44644.0,50,2,0,0,0,1,0,AZ,0,0,0,0,1,0,1,1,1,6038.501038095242,6038.501038095242,6038.501038095242,-29.050809523809523,-29.050809523809523,-29.050809523809523,27,36,81,276
24527106,24805.8,52,0,2,1,0,1,0,AZ,0,0,0,0,1,0,1,1,1,135.74799999999996,135.74799999999996,135.74799999999996,-8.180116666666667,-8.180116666666667,-8.180116666666667,18,18,27,177
25898767,197.4,84,11,0,0,0,1,0,OTHER,0,0,0,0,0,0,1,1,1,1172.5533060796663,1172.5533060796663,1172.5533060796663,26.8741320754717,26.8741320754717,26.8741320754717,174,228,48,27
23177970,20247.8,36,2,2,0,0,0,1,AZ,0,0,0,0,1,0,1,1,1,1194.8209675925934,1194.8209675925934,1194.8209675925934,8.841297674418605,8.841297674418605,8.841297674418605,54,48,54,57
21807616,52465.4,49,12,2,1,0,1,0,OTHER,0,0,0,0,0,0,0,1,0,0.0,787.91,0.0,0.0,0.0,0.0,7,8,5,9
17719975,16328.0,42,9,3,0,0,1,0,NY,0,1,0,0,0,0,0,0,1,0.0,0.0,1153.8289999999993,0.0,0.0,39.33509090909091,11,14,16,14
24526764,88986.6,49,7,4,1,0,1,0,OTHER,0,0,0,0,0,0,1,0,1,3100.2633333333315,0.0,3100.2633333333315,-114.39620689655172,-114.39620689655172,-114.39620689655172,154,8,6,6
17721002,3802.5,25,11,4,1,0,0,0,CA,1,0,0,0,0,0,1,0,0,836.9349999999988,0.0,0.0,43.89040404040404,43.89040404040404,0.0,79,20,0,0
14998225,27296.5,34,4,4,0,0,1,0,OH,0,0,0,0,0,1,1,0,1,2152.615551020407,0.0,2152.615551020407,102.63815306122449,102.63815306122449,102.63815306122449,224,24,20,26
29995900,10689.8,34,13,1,1,0,0,0,CA,1,0,0,0,0,0,1,1,0,1859.2524642857163,1859.2524642857163,0.0,7.933630952380953,7.933630952380953,0.0,24,18,198,12
20446620,41721.0,29,5,4,1,0,1,0,TX,0,0,1,0,0,0,1,1,1,1424.77190140845,1424.77190140845,1424.77190140845,21.184788732394367,21.184788732394367,21.184788732394367,60,39,57,57
14993418,40265.5,42,2,3,1,0,0,0,OTHER,0,0,0,0,0,0,1,1,1,1356.5406217948725,1356.5406217948725,1356.5406217948725,-43.33307051282051,-43.33307051282051,-43.33307051282051,9,24,183,252
19082896,0.0,14,6,1,1,1,0,0,NY,0,1,0,0,0,0,0,1,0,0.0,4831.781,0.0,0.0,0.0,0.0,3,5,14,10
31354796,0.0,16,1,0,1,1,0,0,CA,1,0,0,0,0,0,1,1,1,235.79368298368308,235.79368298368308,235.79368298368308,-0.6276689976689976,-0.6276689976689976,-0.6276689976689976,174,171,48,36
28615440,782.5,72,2,1,1,0,1,0,AZ,0,0,0,0,1,0,0,1,1,0.0,1103.9787500000014,1103.9787500000014,0.0,0.0,13.824515,48,52,60,40
13625500,0.0,16,1,1,0,1,0,0,NY,0,1,0,0,0,0,0,1,0,0.0,3408.4379999999996,0.0,0.0,0.0,0.0,3,11,6,6
14998071,25418.8,71,11,2,1,0,1,0,OTHER,0,0,0,0,0,0,1,0,1,5744.97891853932,0.0,5744.97891853932,-66.0271095505618,-66.0271095505618,-66.0271095505618,146,126,44,40
16354656,11815.9,47,7,8,0,0,0,1,OTHER,0,0,0,0,0,0,1,0,1,10186.94311298077,0.0,10186.94311298077,32.0421875,32.0421875,32.0421875,254,54,58,50
23169147,0.0,20,8,0,1,1,0,0,OTHER,0,0,0,0,0,0,0,1,0,0.0,6191.687000000002,0.0,0.0,0.0,0.0,5,8,5,4
14995255,0.0,19,4,2,1,1,0,0,IL,0,0,0,1,0,0,1,1,1,2848.3033880597022,2848.3033880597022,2848.3033880597022,123.16850746268656,123.16850746268656,123.16850746268656,90,30,42,39
25901047,7221.9,65,2,0,0,0,1,0,OH,0,0,0,0,0,1,0,1,1,0.0,1494.209420000001,1494.209420000001,0.0,0.0,30.6872,6,36,26,32
17716166,38452.7,39,6,2,0,1,0,0,CA,1,0,0,0,0,0,1,1,1,658.3499151873767,658.3499151873767,658.3499151873767,13.339082840236687,13.339082840236687,13.339082840236687,183,186,66,72
29995262,4360.4,33,12,0,0,1,0,0,CA,1,0,0,0,0,0,1,1,1,3170.624503508772,3170.624503508772,3170.624503508772,3.718501754385965,3.718501754385965,3.718501754385965,237,183,72,78
21801744,5015.4,79,11,1,1,0,1,0,OTHER,0,0,0,0,0,0,1,1,1,2375.869773946359,2375.869773946359,2375.869773946359,-4.370316091954023,-4.370316091954023,-4.370316091954023,360,36,66,60
21800192,40123.2,62,5,1,1,1,0,0,CA,1,0,0,0,0,0,1,1,1,2600.987261072263,2600.987261072263,2600.987261072263,-0.4091585081585082,-0.4091585081585082,-0.4091585081585082,177,141,90,21
19076974,4786.6,29,8,1,1,1,0,0,OH,0,0,0,0,0,1,1,1,1,2103.4824021739146,2103.4824021739146,2103.4824021739146,-0.31721014492753624,-0.31721014492753624,-0.31721014492753624,63,75,63,75
27252740,47946.0,45,7,0,1,1,0,0,OTHER,0,0,0,0,0,0,1,1,1,1254.696187499999,1254.696187499999,1254.696187499999,-15.656527777777777,-15.656527777777777,-15.656527777777777,12,66,315,39
25891813,15486.7,46,3,1,1,0,1,0,NY,0,1,0,0,0,0,1,1,1,4373.631883211678,4373.631883211678,4373.631883211678,36.842717761557175,36.842717761557175,36.842717761557175,207,183,12,9
23173193,7405.3,31,6,0,1,1,0,0,NY,0,1,0,0,0,0,1,0,1,1301.8390909090897,0.0,1301.8390909090897,26.268082644628098,26.268082644628098,26.268082644628098,12,26,108,96
20440455,8772.0,88,5,2,1,1,0,0,OTHER,0,0,0,0,0,0,1,1,1,2263.116396694217,2263.116396694217,2263.116396694217,-35.818453038674036,-35.818453038674036,-35.818453038674036,33,33,96,198
31342146,45514.7,39,9,0,0,1,0,0,OTHER,0,0,0,0,0,0,1,1,0,419.8920930232556,419.8920930232556,0.0,-2.2302713178294575,-2.2302713178294575,0.0,222,8,12,16
28612542,3261.3,58,8,3,0,0,1,0,CA,1,0,0,0,0,0,0,1,0,0.0,906.4900000000001,0.0,0.0,0.0,0.0,5,7,5,5
16350600,0.0,18,3,3,0,1,0,0,NY,0,1,0,0,0,0,0,1,0,0.0,1790.7209999999998,0.0,0.0,0.0,0.0,3,11,6,6
27266420,66226.0,55,7,0,0,0,1,0,OTHER,0,0,0,0,0,0,1,1,1,6284.810775956278,6284.810775956278,6284.810775956278,34.665573770491804,34.665573770491804,34.665573770491804,351,72,57,69
23166240,13352.3,24,5,0,0,1,0,0,IL,0,0,0,1,0,0,1,1,1,954.6765119705343,954.6765119705343,954.6765119705343,23.552946593001842,23.552946593001842,23.552946593001842,21,21,63,438
29992996,17052.2,46,6,2,1,0,0,0,TX,0,0,1,0,0,0,1,0,0,926.922000000001,0.0,0.0,8.870303030303031,8.870303030303031,0.0,17,58,24,0
21808160,11502.4,18,6,1,0,1,0,0,OTHER,0,0,0,0,0,0,1,1,1,550.5989111111118,550.5989111111118,550.5989111111118,6.37670505050505,6.37670505050505,6.37670505050505,243,159,48,45
28614747,5134.5,45,5,2,0,0,1,0,OTHER,0,0,0,0,0,0,1,0,1,689.9398773006133,0.0,689.9398773006133,7.399368098159509,7.399368098159509,7.399368098159509,220,28,30,48
31353738,96671.3,32,2,0,1,1,0,0,CA,1,0,0,0,0,0,0,0,1,0.0,0.0,5591.450000000001,0.0,0.0,-189.3258620689655,0,0,0,29
20449080,34137.0,35,2,4,1,0,1,0,CA,1,0,0,0,0,0,1,1,1,1083.6936559139788,1083.6936559139788,1083.6936559139788,-4.196917562724014,-4.196917562724014,-4.196917562724014,18,18,198,324
17724460,29079.7,28,5,2,1,1,0,0,OTHER,0,0,0,0,0,0,1,0,1,6871.273408759139,0.0,6871.273408759139,10.10883211678832,10.10883211678832,10.10883211678832,76,66,60,72
21812400,46209.8,37,10,4,1,0,1,0,OTHER,0,0,0,0,0,0,1,0,1,637.165575471698,0.0,637.165575471698,3.4622704402515723,3.4622704402515723,3.4622704402515723,222,32,34,30
19087278,7683.2,34,4,4,1,0,1,0,CA,1,0,0,0,0,0,1,1,1,1583.9360815602815,1583.9360815602815,1583.9360815602815,-0.39184397163120566,-0.39184397163120566,-0.39184397163120566,93,270,141,60
23163435,18884.6,62,7,0,0,0,1,0,CA,1,0,0,0,0,0,1,1,0,1263.0353000000014,1263.0353000000014,0.0,38.689129629629626,38.689129629629626,0.0,212,16,20,22
19076932,9811.2,41,1,2,1,0,0,0,CA,1,0,0,0,0,0,1,0,0,176.134,0.0,0.0,0.2531578947368421,0.2531578947368421,0.0,10,19,10,18
19086732,0.0,14,6,1,1,1,0,0,CA,1,0,0,0,0,0,0,1,0,0.0,3179.25,0.0,0.0,0.0,0.0,7,8,5,6
14994980,0.0,17,9,2,0,1,0,0,IL,0,0,0,1,0,0,0,1,0,0.0,3443.990999999998,0.0,0.0,0.0,0.0,3,3,14,20
23164523,22827.9,37,3,0,1,0,1,0,TX,0,0,1,0,0,0,1,1,1,2075.598744047617,2075.598744047617,2075.598744047617,27.481309523809525,27.481309523809525,27.481309523809525,111,90,111,24
24540336,10389.6,20,3,2,0,1,0,0,TX,0,0,1,0,0,0,1,1,1,822.1983063063057,822.1983063063057,822.1983063063057,1.9163171171171172,1.9163171171171172,1.9163171171171172,72,60,48,375
28617246,2969.6,19,4,1,0,1,0,0,OTHER,0,0,0,0,0,0,1,0,1,480.8588461538459,0.0,480.8588461538459,7.257825174825175,7.257825174825175,7.257825174825175,24,218,18,26
17721431,60725.6,43,10,5,1,0,0,1,CA,1,0,0,0,0,0,1,1,1,1628.8659007092194,1628.8659007092194,1628.8659007092194,13.427293144208038,13.427293144208038,13.427293144208038,183,132,75,33
31356636,133899.1,55,3,2,1,0,1,0,OTHER,0,0,0,0,0,0,0,0,1,0.0,0.0,3710.8300000000013,0.0,0.0,95.32545454545455,5,5,6,6
14989095,62913.4,33,3,5,0,0,0,0,CA,1,0,0,0,0,0,1,0,1,3051.4424306569313,0.0,3051.4424306569313,119.15298175182481,119.15298175182481,119.15298175182481,226,32,16,0
31339202,61554.9,31,1,2,1,0,1,0,NY,0,1,0,0,0,0,0,0,1,0.0,0.0,1401.0,0.0,0.0,-17.56756756756757,0,8,35,31
16360044,17710.4,46,6,7,1,0,0,0,CA,1,0,0,0,0,0,1,1,0,6951.105884892089,6951.105884892089,0.0,-0.6892805755395683,-0.6892805755395683,0.0,92,148,20,18
17716504,40803.1,38,5,2,1,1,0,0,CA,1,0,0,0,0,0,1,0,1,12897.290080357157,0.0,12897.290080357157,4.859017857142857,4.859017857142857,4.859017857142857,198,0,0,26
23178276,5893.7,87,3,0,0,1,0,0,OTHER,0,0,0,0,0,0,1,0,0,2016.4359999999963,0.0,0.0,67.21111111111111,67.21111111111111,0.0,99,0,0,0
28624239,5196.2,31,1,1,1,1,0,0,CA,1,0,0,0,0,0,1,0,1,1469.975697674419,0.0,1469.975697674419,-13.280414728682171,-13.280414728682171,-13.280414728682171,74,104,66,14
25899565,3486.5,43,7,2,1,0,1,0,CA,1,0,0,0,0,0,0,1,1,0.0,6696.0250277777795,6696.0250277777795,0.0,0.0,82.51529166666667,14,20,18,20
16355964,0.0,20,5,3,1,1,0,0,OTHER,0,0,0,0,0,0,1,1,1,354.3643684210524,354.3643684210524,354.3643684210524,2.5134795321637426,2.5134795321637426,2.5134795321637426,108,75,42,117
20449560,22170.0,93,10,2,1,0,0,0,CA,1,0,0,0,0,0,1,0,0,987.0479999999991,0.0,0.0,-6.04989898989899,-6.04989898989899,0.0,99,0,0,0
13628310,111004.0,53,3,1,0,1,0,0,OTHER,0,0,0,0,0,0,1,0,1,11793.92079807692,0.0,11793.92079807692,-257.03939423076923,-257.03939423076923,-257.03939423076923,58,16,14,16
25903194,14419.1,45,2,0,0,0,0,1,CA,1,0,0,0,0,0,1,1,1,3775.0274761904793,3775.0274761904793,3775.0274761904793,36.47409574468085,36.47409574468085,36.47409574468085,12,9,90,75
20449065,11200.5,46,3,2,1,1,0,0,TX,0,0,1,0,0,0,1,1,1,3405.059124999998,3405.059124999998,3405.059124999998,-5.529109848484849,-5.529109848484849,-5.529109848484849,351,39,54,84
28630371,0.0,16,8,1,1,1,0,0,OTHER,0,0,0,0,0,0,0,1,0,0.0,406.53999999999996,0.0,0.0,0.0,0.0,3,1,0,0
21811728,97338.8,62,5,1,0,0,1,0,NY,0,1,0,0,0,0,1,1,0,7177.852801724123,7177.852801724123,0.0,-17.38484051724138,-17.38484051724138,0.0,32,14,140,46
13627170,0.0,17,2,1,1,1,0,0,NY,0,1,0,0,0,0,1,1,1,713.9504850746265,713.9504850746265,713.9504850746265,-26.497992537313433,-26.497992537313433,-26.497992537313433,30,144,111,117
21802384,23337.6,28,10,2,1,0,1,0,NY,0,1,0,0,0,0,1,0,1,493.84942622950825,0.0,493.84942622950825,2.6992650273224044,2.6992650273224044,2.6992650273224044,238,52,50,26
23165050,12640.8,26,1,1,0,0,1,0,NY,0,1,0,0,0,0,0,1,1,0.0,746.4900000000001,746.4900000000001,0.0,0.0,29.34456896551724,6,18,16,76
14994870,0.0,19,4,2,1,1,0,0,IL,0,0,0,1,0,0,1,0,1,3336.727178571431,0.0,3336.727178571431,-88.4242987012987,-88.4242987012987,-88.4242987012987,76,102,96,34
25906367,5712.9,74,7,0,0,0,1,0,TX,0,0,1,0,0,0,1,1,1,9578.252518207302,9578.252518207302,9578.252518207302,15.271185393258428,15.271185393258428,15.271185393258428,153,108,93,0
24539814,104187.6,41,9,2,1,1,0,0,OTHER,0,0,0,0,0,0,1,0,1,6050.886605839408,0.0,6050.886605839408,-82.21871167883212,-82.21871167883212,-82.21871167883212,102,72,56,44
29978894,25986.4,37,7,2,0,0,0,0,OTHER,0,0,0,0,0,0,1,0,0,3631.1550000000066,0.0,0.0,11.77848484848485,11.77848484848485,0.0,99,0,0,0
16355640,6358.0,48,4,3,1,1,0,0,CA,1,0,0,0,0,0,1,1,0,757.00431147541,757.00431147541,0.0,3.150655737704918,3.150655737704918,0.0,28,34,28,32
25896088,1450.3,58,5,0,1,0,1,0,OTHER,0,0,0,0,0,0,1,1,1,3339.2762232142873,3339.2762232142873,3339.2762232142873,31.923074404761905,31.923074404761905,31.923074404761905,72,105,81,78
28622139,16322.7,58,8,2,1,0,1,0,OTHER,0,0,0,0,0,0,1,0,1,2418.5665328467167,0.0,2418.5665328467167,30.648452554744527,30.648452554744527,30.648452554744527,224,12,20,18
27262600,32476.0,33,5,2,0,0,0,0,OTHER,0,0,0,0,0,0,1,1,1,1435.6925185185182,1435.6925185185182,1435.6925185185182,6.683816425120773,6.683816425120773,6.683816425120773,360,90,96,75
29985890,99429.0,64,14,2,0,0,1,0,OTHER,0,0,0,0,0,0,1,1,1,5778.833191709847,5778.833191709847,5778.833191709847,13.394129533678756,13.394129533678756,13.394129533678756,66,72,381,60
14998346,43936.2,43,3,7,1,0,0,0,OTHER,0,0,0,0,0,0,0,0,1,0.0,0.0,0.0,0.0,0.0,0.0,0,0,0,38
17714918,24724.7,66,3,2,1,0,0,0,OTHER,0,0,0,0,0,0,1,1,1,565.6929044289054,565.6929044289054,565.6929044289054,14.054941724941726,14.054941724941726,14.054941724941726,18,30,183,198
25903517,0.0,20,2,0,0,1,0,0,TX,0,0,1,0,0,0,0,1,0,0.0,8940.905000000008,0.0,0.0,0.0,0.0,5,11,11,14
28612836,6177.6,34,4,4,0,0,0,0,OTHER,0,0,0,0,0,0,1,0,1,1489.278125,0.0,1489.278125,-1.7221484375,-1.7221484375,-1.7221484375,24,24,26,54
23164540,21296.4,36,2,0,0,0,1,0,TX,0,0,1,0,0,0,1,0,0,5005.994000000005,0.0,0.0,35.69161616161616,35.69161616161616,0.0,99,0,0,0
25895993,1529.1,31,7,0,0,1,0,0,CA,1,0,0,0,0,0,0,0,1,0.0,0.0,3100.0,0.0,0.0,-3.34675,0,0,0,12
23178412,4334.6,31,6,1,1,0,1,0,OTHER,0,0,0,0,0,0,1,0,0,1084.7930000000015,0.0,0.0,74.30543434343434,74.30543434343434,0.0,99,0,0,0
23173975,0.0,21,2,0,1,1,0,0,CA,1,0,0,0,0,0,1,0,1,1461.1590882352955,0.0,1461.1590882352955,40.0055320855615,40.0055320855615,40.0055320855615,242,38,36,58
19081104,12005.0,53,3,2,1,0,1,0,TX,0,0,1,0,0,0,1,1,1,450.8394943310659,450.8394943310659,450.8394943310659,0.19312925170068027,0.19312925170068027,0.19312925170068027,90,114,126,111
27266340,36352.0,68,10,0,1,0,0,0,AZ,0,0,0,0,1,0,1,1,1,1747.0724643874648,1747.0724643874648,1747.0724643874648,10.15014245014245,10.15014245014245,10.15014245014245,99,69,75,108
31355164,81668.4,56,6,1,1,0,1,0,TX,0,0,1,0,0,0,1,1,1,573.7949019607845,573.7949019607845,573.7949019607845,2.03520697167756,2.03520697167756,2.03520697167756,336,39,45,39
25896449,5897.6,65,2,0,1,0,1,0,OTHER,0,0,0,0,0,0,1,0,1,6609.297674418594,0.0,6609.297674418594,22.5292984496124,22.5292984496124,22.5292984496124,12,24,180,42
27263200,37096.0,38,10,0,1,1,0,0,CA,1,0,0,0,0,0,0,1,1,0.0,2267.6493275862063,2267.6493275862063,0.0,0.0,8.928146551724138,40,62,78,52
14997917,18757.2,43,3,2,1,1,0,0,NY,0,1,0,0,0,0,1,1,1,1944.4557635933825,1944.4557635933825,1944.4557635933825,-77.65842553191489,-77.65842553191489,-77.65842553191489,258,60,21,84
14995112,11166.1,36,6,2,0,0,0,0,CA,1,0,0,0,0,0,1,0,1,1725.6139552238794,0.0,1725.6139552238794,-86.13651492537313,-86.13651492537313,-86.13651492537313,222,16,18,12
23172292,33428.9,48,4,1,1,0,1,0,NY,0,1,0,0,0,0,1,0,1,1739.1799640287768,0.0,1739.1799640287768,58.01826978417266,58.01826978417266,58.01826978417266,32,84,72,90
14997081,3906.1,29,6,4,1,0,1,0,CA,1,0,0,0,0,0,1,1,0,2334.558215384615,2334.558215384615,0.0,-156.67159615384617,-156.67159615384617,0.0,120,94,30,16
20448210,12517.5,24,6,2,1,1,0,0,CA,1,0,0,0,0,0,1,0,0,12147.443999999998,0.0,0.0,-202.54545454545453,-202.54545454545453,0.0,99,0,0,0
27264000,42030.0,18,5,0,0,1,0,0,CA,1,0,0,0,0,0,1,1,1,5637.4084613935975,5637.4084613935975,5637.4084613935975,-5.60427495291902,-5.60427495291902,-5.60427495291902,141,240,84,66
17719468,31623.8,56,3,2,1,0,1,0,OTHER,0,0,0,0,0,0,1,0,1,7170.988308724841,0.0,7170.988308724841,7.776040268456375,7.776040268456375,7.776040268456375,6,32,210,50
28626549,2753.7,20,5,1,1,1,0,0,IL,0,0,0,1,0,0,1,1,1,67.42716666666668,67.42716666666668,67.42716666666668,11.75783888888889,11.75783888888889,11.75783888888889,33,57,66,24
27267700,4628.0,88,10,0,1,0,1,0,OTHER,0,0,0,0,0,0,0,1,1,0.0,5111.47208695652,5111.47208695652,0.0,0.0,64.34717391304348,14,28,44,52
25902434,1600.4,43,6,0,1,0,1,0,OH,0,0,0,0,0,1,1,1,0,5409.791999999996,5409.791999999996,0.0,33.11337727272727,33.11337727272727,0.0,134,86,0,0
28629783,12155.2,40,10,1,1,1,0,0,OTHER,0,0,0,0,0,0,1,0,1,5982.886605839408,0.0,5982.886605839408,-15.860164233576642,-15.860164233576642,-15.860164233576642,102,72,56,44
29993656,79769.8,50,10,2,1,0,1,0,OTHER,0,0,0,0,0,0,1,1,1,5418.63100320512,5418.63100320512,5418.63100320512,-2.9983653846153846,-2.9983653846153846,-2.9983653846153846,393,63,72,96
13632420,4431.0,63,3,1,0,0,0,1,OTHER,0,0,0,0,0,0,1,0,0,4821.648999999991,0.0,0.0,62.30808080808081,62.30808080808081,0.0,96,3,0,0
13630810,41876.0,38,8,1,1,1,0,0,OTHER,0,0,0,0,0,0,1,1,1,1056.020992248062,1056.020992248062,1056.020992248062,83.04917829457365,83.04917829457365,83.04917829457365,48,81,81,48
31357533,8167.3,27,4,2,1,0,1,0,CA,1,0,0,0,0,0,1,1,0,1229.925153846153,1229.925153846153,0.0,-12.969692307692307,-12.969692307692307,0.0,120,94,30,16
27257280,35224.0,30,2,3,1,0,0,0,NY,0,1,0,0,0,0,1,1,1,1368.6067368421068,1368.6067368421068,1368.6067368421068,7.34057268722467,7.34057268722467,7.34057268722467,9,24,66,126
25904752,6954.6,70,7,0,0,0,1,0,NY,0,1,0,0,0,0,1,1,1,1129.2959053497943,1129.2959053497943,1129.2959053497943,26.752374485596707,26.752374485596707,26.752374485596707,339,42,54,51
28632408,5720.2,58,8,1,0,1,0,0,CA,1,0,0,0,0,0,1,1,1,1662.6620994475122,1662.6620994475122,1662.6620994475122,-4.315644567219153,-4.315644567219153,-4.315644567219153,372,39,63,69
14996113,25294.5,23,2,2,1,1,0,0,NY,0,1,0,0,0,0,1,1,1,440.9482766439909,440.9482766439909,440.9482766439909,-37.0355306122449,-37.0355306122449,-37.0355306122449,9,231,126,75
31352979,63592.7,58,8,1,0,0,1,0,CA,1,0,0,0,0,0,1,1,1,296.28897916666676,296.28897916666676,296.28897916666676,-3.063458333333333,-3.063458333333333,-3.063458333333333,57,39,333,51
17720794,17078.1,68,5,2,1,0,1,0,TX,0,0,1,0,0,0,1,1,1,577.4148837209301,577.4148837209301,577.4148837209301,15.403720930232558,15.403720930232558,15.403720930232558,150,162,138,66
21806848,53796.6,44,7,1,0,1,0,0,NY,0,1,0,0,0,0,1,0,1,918.3891787709481,0.0,918.3891787709481,5.664667597765363,5.664667597765363,5.664667597765363,230,52,38,38
21812416,42697.2,32,5,4,0,0,1,0,OTHER,0,0,0,0,0,0,0,1,0,0.0,4575.695999999997,0.0,0.0,0.0,0.0,3,5,10,26
27254520,28282.0,18,5,0,0,1,0,0,OTHER,0,0,0,0,0,0,1,0,1,3416.1181153846132,0.0,3416.1181153846132,13.290314685314685,13.290314685314685,13.290314685314685,24,218,18,26
16356900,2637.6,49,9,4,0,0,1,0,NY,0,1,0,0,0,0,0,0,1,0.0,0.0,886.839,0.0,0.0,-12.945818181818181,11,14,16,14
31352105,42205.0,38,5,2,1,0,1,0,CA,1,0,0,0,0,0,0,1,1,0.0,1583.3088888888879,1583.3088888888879,0.0,0.0,41.24875,14,20,18,20
24531624,26778.6,35,3,5,1,0,1,0,IL,0,0,0,1,0,0,1,0,1,635.972483443709,0.0,635.972483443709,0.8279039735099337,0.8279039735099337,0.8279039735099337,112,126,36,28
31357119,91613.6,58,6,0,0,1,0,0,IL,0,0,0,1,0,0,1,1,1,1206.8880068728515,1206.8880068728515,1206.8880068728515,-7.768487972508591,-7.768487972508591,-7.768487972508591,423,48,60,51
27254300,35500.0,56,8,1,1,0,1,0,NY,0,1,0,0,0,0,1,1,1,5026.3285254237235,5026.3285254237235,5026.3285254237235,-20.547212806026366,-20.547212806026366,-20.547212806026366,345,57,63,66
21809456,0.0,15,3,1,0,1,0,0,TX,0,0,1,0,0,0,0,1,0,0.0,9500.708,0.0,0.0,0.0,0.0,3,3,3,3
24534864,78134.4,42,0,6,1,0,1,0,OTHER,0,0,0,0,0,0,1,0,0,794.429999999999,0.0,0.0,-5.194747474747475,-5.194747474747475,0.0,0,0,19,80
17715971,0.0,13,5,2,1,1,0,0,IL,0,0,0,1,0,0,1,1,1,628.0481715399605,628.0481715399605,628.0481715399605,16.075438596491228,16.075438596491228,16.075438596491228,312,63,69,69
17715581,56823.0,27,4,4,1,0,0,1,NY,0,1,0,0,0,0,1,0,1,4392.390749999997,0.0,4392.390749999997,1.3816964285714286,1.3816964285714286,1.3816964285714286,146,52,0,138
16360860,5582.4,26,5,5,1,0,1,0,CA,1,0,0,0,0,0,1,0,0,1009.2119999999996,0.0,0.0,3.417979797979798,3.417979797979798,0.0,22,57,20,0
17715113,50592.1,47,4,2,1,0,1,0,CA,1,0,0,0,0,0,1,1,1,1051.6325707070705,1051.6325707070705,1051.6325707070705,23.02774111675127,23.02774111675127,23.02774111675127,30,57,39,69
28613802,13341.7,47,7,1,1,1,0,0,CA,1,0,0,0,0,0,1,1,1,3537.8553815261002,3537.8553815261002,3537.8553815261002,-14.148873493975904,-14.148873493975904,-14.148873493975904,18,18,57,405
17714476,26968.5,42,4,4,0,0,1,0,TX,0,0,1,0,0,0,1,0,0,1986.1289999999956,0.0,0.0,42.102474747474744,42.102474747474744,0.0,3,3,3,90
28632009,2742.2,28,7,3,1,0,1,0,TX,0,0,1,0,0,0,1,1,1,643.0932432432431,643.0932432432431,643.0932432432431,14.111576576576576,14.111576576576576,14.111576576576576,57,18,18,18
24531264,0.0,17,7,2,1,1,0,0,CA,1,0,0,0,0,0,0,1,0,0.0,10225.589999999998,0.0,0.0,0.0,0.0,3,9,7,5
20445225,36817.5,57,4,3,1,0,1,0,CA,1,0,0,0,0,0,1,1,0,970.3734729729717,970.3734729729717,0.0,0.9383333333333334,0.9383333333333334,0.0,34,64,70,54
29994162,7812.2,32,9,2,1,0,1,0,CA,1,0,0,0,0,0,1,1,0,1547.102130769229,1547.102130769229,0.0,-8.492073076923077,-8.492073076923077,0.0,120,94,30,16
21807232,19845.8,53,6,1,1,0,1,0,OTHER,0,0,0,0,0,0,1,1,1,2084.2906607142845,2084.2906607142845,2084.2906607142845,8.685711309523809,8.685711309523809,8.685711309523809,72,105,81,78
16351992,0.0,18,10,3,1,1,0,0,CA,1,0,0,0,0,0,0,1,0,0.0,1320.1860000000006,0.0,0.0,0.0,0.0,4,6,4,8
28621950,2506.4,61,1,1,1,0,1,0,OTHER,0,0,0,0,0,0,1,1,1,435.175855855856,435.175855855856,435.175855855856,9.474774774774774,9.474774774774774,9.474774774774774,9,21,24,57
16352748,0.0,16,8,3,0,1,0,0,NY,0,1,0,0,0,0,0,1,0,0.0,401.133,0.0,0.0,0.0,0.0,3,3,3,3
17722913,51988.3,36,3,2,1,1,0,0,AZ,0,0,0,0,1,0,1,1,0,13424.824375000011,13424.824375000011,0.0,2.8998863636363637,2.8998863636363637,0.0,12,22,210,20
29984988,95297.4,35,5,3,1,0,1,0,CA,1,0,0,0,0,0,1,0,1,4763.070769230769,0.0,4763.070769230769,-18.041601398601397,-18.041601398601397,-18.041601398601397,6,20,36,224
20440635,8971.5,79,6,2,1,0,1,0,CA,1,0,0,0,0,0,1,1,1,1850.0428298969096,1850.0428298969096,1850.0428298969096,-11.40733676975945,-11.40733676975945,-11.40733676975945,228,165,60,129
21811248,214791.2,56,9,2,0,0,1,0,IL,0,0,0,1,0,0,1,1,0,3175.860823741006,3175.860823741006,0.0,6.790348920863309,6.790348920863309,0.0,180,32,18,48
23176831,0.0,20,1,0,0,1,0,0,TX,0,0,1,0,0,0,0,1,0,0.0,6846.535000000002,0.0,0.0,0.0,0.0,5,11,11,14
24534180,7963.2,20,3,2,0,1,0,0,OTHER,0,0,0,0,0,0,1,1,1,493.08711111111126,493.08711111111126,493.08711111111126,11.917644444444445,11.917644444444445,11.917644444444445,243,159,48,45
24526026,34707.6,42,0,6,0,0,0,0,CA,1,0,0,0,0,0,1,1,1,663.5721014492742,663.5721014492742,663.5721014492742,-35.20549275362319,-35.20549275362319,-35.20549275362319,18,18,231,147
13632060,42031.0,33,3,1,1,1,0,0,CA,1,0,0,0,0,0,0,0,1,0.0,0.0,24707.025000000012,0.0,0.0,-1893.2586206896551,0,0,0,29
29985472,44393.8,54,14,1,1,0,1,0,OTHER,0,0,0,0,0,0,0,1,0,0.0,1479.2289999999996,0.0,0.0,0.0,0.0,7,8,5,9
27260360,93768.0,36,6,2,0,0,1,0,AZ,0,0,0,0,1,0,1,1,1,16872.252343283562,16872.252343283562,16872.252343283562,-14.657611940298507,-14.657611940298507,-14.657611940298507,249,210,72,72
24539184,73915.2,57,5,3,1,0,1,0,CA,1,0,0,0,0,0,1,1,1,838.5656367041194,838.5656367041194,838.5656367041194,-0.2957340823970038,-0.2957340823970038,-0.2957340823970038,180,213,54,87
28631820,4697.5,33,3,1,1,1,0,0,OTHER,0,0,0,0,0,0,1,0,1,1269.3595985401432,0.0,1269.3595985401432,-7.97864598540146,-7.97864598540146,-7.97864598540146,76,66,60,72
25905227,1249.4,50,7,0,0,1,0,0,OTHER,0,0,0,0,0,0,1,0,1,6463.397551546391,0.0,6463.397551546391,35.14936082474227,35.14936082474227,35.14936082474227,62,26,36,70
17714086,45236.1,65,12,2,0,1,0,0,CA,1,0,0,0,0,0,1,1,1,12114.729958333332,12114.729958333332,12114.729958333332,19.848011363636363,19.848011363636363,19.848011363636363,288,192,30,18
17724538,48341.8,32,9,2,0,1,0,0,OTHER,0,0,0,0,0,0,1,0,1,12727.578749999991,0.0,12727.578749999991,20.9793125,20.9793125,20.9793125,28,16,20,96
28614348,1334.3,67,7,1,0,0,1,0,OTHER,0,0,0,0,0,0,1,1,1,191.44822580645157,191.44822580645157,191.44822580645157,1.2236505376344087,1.2236505376344087,1.2236505376344087,357,54,63,84
28627788,7609.8,42,2,1,0,1,0,0,OTHER,0,0,0,0,0,0,1,1,0,396.6719512195126,396.6719512195126,0.0,8.872910569105692,8.872910569105692,0.0,6,160,60,20
16353876,9110.0,51,11,3,0,1,0,0,OTHER,0,0,0,0,0,0,1,1,1,413.6545384615385,413.6545384615385,413.6545384615385,17.48837606837607,17.48837606837607,17.48837606837607,78,72,45,39
21815536,78039.0,30,3,3,0,0,1,0,OTHER,0,0,0,0,0,0,1,1,1,592.6446340996174,592.6446340996174,592.6446340996174,-0.011827586206896551,-0.011827586206896551,-0.011827586206896551,9,18,384,111
16355340,2919.2,79,9,3,1,0,1,0,NY,0,1,0,0,0,0,1,1,1,520.0958113207548,520.0958113207548,520.0958113207548,5.975911949685535,5.975911949685535,5.975911949685535,198,201,48,30
31347367,191578.5,58,8,1,0,0,0,0,TX,0,0,1,0,0,0,1,1,1,718.6588095238093,718.6588095238093,718.6588095238093,-9.371765873015873,-9.371765873015873,-9.371765873015873,108,105,201,90
21811680,15444.0,28,6,2,1,0,1,0,OTHER,0,0,0,0,0,0,1,0,0,8694.582000000019,0.0,0.0,-10.850737373737374,-10.850737373737374,0.0,6,54,39,0
28628796,3448.6,33,3,4,0,0,1,0,OTHER,0,0,0,0,0,0,0,1,0,0.0,2829.740000000002,0.0,0.0,0.0,0.0,3,5,10,26
24532272,34003.8,71,9,2,0,0,0,1,OTHER,0,0,0,0,0,0,1,1,1,417.8904402515726,417.8904402515726,417.8904402515726,8.26792033542977,8.26792033542977,8.26792033542977,126,102,117,132
23165033,6373.0,33,8,1,1,0,1,0,NY,0,1,0,0,0,0,1,0,1,825.9121393442632,0.0,825.9121393442632,35.83004918032787,35.83004918032787,35.83004918032787,238,52,50,26
23163673,43523.0,55,1,2,0,0,1,0,OTHER,0,0,0,0,0,0,1,0,1,3570.9355984251965,0.0,3570.9355984251965,-1.6644488188976378,-1.6644488188976378,-1.6644488188976378,6,192,0,56
16351056,1334.3,69,9,3,0,0,1,0,OTHER,0,0,0,0,0,0,1,1,1,326.28877419354853,326.28877419354853,326.28877419354853,-3.70326164874552,-3.70326164874552,-3.70326164874552,357,54,63,84
17722445,32295.9,57,4,2,0,0,1,0,NY,0,1,0,0,0,0,1,1,1,4343.519494186045,4343.519494186045,4343.519494186045,11.383934108527132,11.383934108527132,11.383934108527132,18,33,96,369
13626720,16319.0,51,1,2,1,0,1,0,TX,0,0,1,0,0,0,1,0,1,1438.9053988095252,0.0,1438.9053988095252,15.75297619047619,15.75297619047619,15.75297619047619,0,0,8,160
23171272,29335.1,59,5,1,0,0,1,0,CA,1,0,0,0,0,0,0,0,1,0.0,0.0,5032.456999999997,0.0,0.0,78.70978260869565,15,20,17,17
17714073,4293.9,57,4,2,1,0,0,1,AZ,0,0,0,0,1,0,1,1,1,4537.007610119049,4537.007610119049,4537.007610119049,6.817485119047619,6.817485119047619,6.817485119047619,27,78,96,135
21800672,114140.0,36,9,3,1,0,1,0,NY,0,1,0,0,0,0,1,1,1,2363.6897282608675,2363.6897282608675,2363.6897282608675,5.035615942028985,5.035615942028985,5.035615942028985,69,81,36,90
14997136,26271.3,77,7,2,0,0,1,0,OTHER,0,0,0,0,0,0,0,1,0,0.0,7246.407999999997,0.0,0.0,0.0,0.0,7,12,5,12
16357284,4238.6,44,4,3,1,1,0,0,OTHER,0,0,0,0,0,0,1,0,1,270.1484999999999,0.0,270.1484999999999,4.1806,4.1806,4.1806,70,10,8,12
13630480,43408.0,41,1,5,1,0,1,0,OTHER,0,0,0,0,0,0,1,0,0,2003.8349999999991,0.0,0.0,-12.986868686868688,-12.986868686868688,0.0,0,0,19,80
27254020,77834.0,51,3,0,1,0,1,0,CA,1,0,0,0,0,0,1,1,1,2475.7635303030297,2475.7635303030297,2475.7635303030297,35.63532994923858,35.63532994923858,35.63532994923858,30,57,39,69
23164880,2645.5,76,2,0,1,0,1,0,AZ,0,0,0,0,1,0,0,1,1,0.0,2260.5841250000008,2260.5841250000008,0.0,0.0,48.13186,48,52,60,40
16353900,2149.1,21,6,3,1,1,0,0,CA,1,0,0,0,0,0,1,1,1,1014.8921071428581,1014.8921071428581,1014.8921071428581,-11.066884920634921,-11.066884920634921,-11.066884920634921,291,117,39,57
16360116,0.0,18,3,3,0,1,0,0,TX,0,0,1,0,0,0,0,1,0,0.0,4940.649000000003,0.0,0.0,0.0,0.0,5,11,11,14
13632940,29536.0,44,4,1,1,0,1,0,CA,1,0,0,0,0,0,0,1,1,0.0,5292.679838709676,5292.679838709676,0.0,0.0,-508.93862903225806,6,6,6,44
14993198,51572.4,38,6,4,0,0,1,0,AZ,0,0,0,0,1,0,1,1,1,8313.17464179105,8313.17464179105,8313.17464179105,-47.11978109452736,-47.11978109452736,-47.11978109452736,249,210,72,72
23165373,0.0,18,6,0,1,1,0,0,CA,1,0,0,0,0,0,0,1,0,0.0,5443.771,0.0,0.0,0.0,0.0,8,8,9,8
28633164,2151.2,53,3,1,1,1,0,0,OTHER,0,0,0,0,0,0,1,0,1,1186.7300000000002,0.0,1186.7300000000002,-2.3962826086956523,-2.3962826086956523,-2.3962826086956523,50,182,22,22
29978586,63866.0,49,9,0,0,1,0,0,TX,0,0,1,0,0,0,1,0,1,7517.28791,0.0,7517.28791,-3.5222066666666665,-3.5222066666666665,-3.5222066666666665,102,114,54,30
28618275,2535.1,70,10,1,1,0,1,0,OTHER,0,0,0,0,0,0,0,0,1,0.0,0.0,1075.3100000000004,0.0,0.0,5.002424242424242,7,6,13,7
14994023,1142.9,81,11,2,0,0,1,0,OTHER,0,0,0,0,0,0,1,1,1,1558.5101069182388,1558.5101069182388,1558.5101069182388,1.0219056603773584,1.0219056603773584,1.0219056603773584,174,228,48,27
13632410,30217.0,47,7,1,1,1,0,0,TX,0,0,1,0,0,0,1,1,1,1444.4199706790132,1444.4199706790132,1444.4199706790132,-2.345222222222222,-2.345222222222222,-2.345222222222222,387,75,87,99
28625898,2758.8,73,3,1,1,0,1,0,TX,0,0,1,0,0,0,1,1,1,182.18468992248054,182.18468992248054,182.18468992248054,3.2884031007751937,3.2884031007751937,3.2884031007751937,150,162,138,66
24533820,0.0,18,1,2,1,1,0,0,TX,0,0,1,0,0,0,1,1,1,889.7606101190474,889.7606101190474,889.7606101190474,-11.190873511904762,-11.190873511904762,-11.190873511904762,387,81,93,111
25889989,6534.9,59,6,0,1,0,1,0,TX,0,0,1,0,0,0,1,1,1,4564.300641891897,4564.300641891897,4564.300641891897,16.506261261261262,16.506261261261262,16.506261261261262,135,114,102,93
23172122,2300.4,69,2,0,0,1,0,0,CA,1,0,0,0,0,0,1,0,0,399.4830000000001,0.0,0.0,71.726,71.726,0.0,70,0,0,0
19087502,0.0,17,2,1,1,1,0,0,NY,0,1,0,0,0,0,1,0,1,1233.3682207446802,0.0,1233.3682207446802,-0.24936170212765957,-0.24936170212765957,-0.24936170212765957,198,18,84,76
21815328,57265.0,44,6,2,1,0,1,0,OTHER,0,0,0,0,0,0,1,1,1,281.81883333333286,281.81883333333286,281.81883333333286,1.7062588235294118,1.7062588235294118,1.7062588235294118,354,66,51,39
29990620,43760.2,75,5,0,0,0,0,0,OTHER,0,0,0,0,0,0,1,1,1,1401.0555357873213,1401.0555357873213,1401.0555357873213,-2.8060081799591003,-2.8060081799591003,-2.8060081799591003,36,171,201,81
27255920,37326.0,39,11,3,0,0,1,0,OTHER,0,0,0,0,0,0,1,1,0,4643.291117647059,4643.291117647059,0.0,26.271176470588234,26.271176470588234,0.0,18,14,18,18
20442525,13648.5,33,9,2,0,1,0,0,OTHER,0,0,0,0,0,0,1,1,1,1705.2089090909094,1705.2089090909094,1705.2089090909094,9.429469696969697,9.429469696969697,9.429469696969697,18,33,24,57
20452260,15366.0,57,4,2,1,1,0,0,OTHER,0,0,0,0,0,0,1,0,1,3570.1976086956474,0.0,3570.1976086956474,-32.19177536231884,-32.19177536231884,-32.19177536231884,50,182,22,22
13628520,33706.0,57,7,2,0,0,1,0,OTHER,0,0,0,0,0,0,1,0,1,3932.0686854838723,0.0,3932.0686854838723,-145.51052016129032,-145.51052016129032,-145.51052016129032,170,52,14,12
24528078,41009.4,27,4,2,1,1,0,0,OTHER,0,0,0,0,0,0,0,1,1,0.0,336.5191129032258,336.5191129032258,0.0,0.0,-37.55951612903226,6,14,24,80
28627431,9339.1,48,7,1,1,1,0,0,CA,1,0,0,0,0,0,0,0,1,0.0,0.0,1817.919999999999,0.0,0.0,60.40394117647059,7,9,10,8
27258060,59140.0,49,5,0,1,1,0,0,TX,0,0,1,0,0,0,0,1,1,0.0,16827.901610169494,16827.901610169494,0.0,0.0,18.615,22,22,26,48
21812816,103976.6,40,3,1,1,1,0,0,AZ,0,0,0,0,1,0,1,1,0,6811.244625000012,6811.244625000012,0.0,-14.648128787878788,-14.648128787878788,0.0,12,22,210,20
16355676,3620.8,63,3,3,1,1,0,0,OTHER,0,0,0,0,0,0,1,1,1,1538.6869190751431,1538.6869190751431,1538.6869190751431,-9.87456647398844,-9.87456647398844,-9.87456647398844,231,171,69,48
31353232,45632.0,50,0,2,1,0,0,0,OH,0,0,0,0,0,1,1,0,1,403.2110204081632,0.0,403.2110204081632,-12.732551020408163,-12.732551020408163,-12.732551020408163,0,0,0,98
14993825,13816.0,48,8,3,0,0,1,0,NY,0,1,0,0,0,0,0,0,1,0.0,0.0,2029.7360000000012,0.0,0.0,-76.61596363636363,11,14,16,14
25898843,4116.0,59,6,1,1,0,1,0,OTHER,0,0,0,0,0,0,1,1,1,1013.0668431372542,1013.0668431372542,1013.0668431372542,25.201480392156864,25.201480392156864,25.201480392156864,207,204,48,51
28622475,7629.3,47,7,2,0,0,1,0,OTHER,0,0,0,0,0,0,1,0,1,327.52312000000023,0.0,327.52312000000023,4.871352,4.871352,4.871352,202,16,18,14
17715126,25725.7,35,12,2,0,1,0,0,OTHER,0,0,0,0,0,0,1,1,0,1610.6773023255826,1610.6773023255826,0.0,20.28734496124031,20.28734496124031,0.0,222,8,12,16
23171068,13716.5,29,4,0,0,0,1,0,TX,0,0,1,0,0,0,1,1,1,629.2679015873017,629.2679015873017,629.2679015873017,24.997152380952382,24.997152380952382,24.997152380952382,66,57,93,99
27259640,0.0,15,9,0,1,1,0,0,IL,0,0,0,1,0,0,0,1,0,0.0,38484.665999999976,0.0,0.0,0.0,0.0,10,10,10,10
21802256,8889.4,28,10,1,1,1,0,0,OH,0,0,0,0,0,1,1,1,1,2086.8371884057988,2086.8371884057988,2086.8371884057988,0.4676485507246377,0.4676485507246377,0.4676485507246377,63,75,63,75
24526566,15838.2,29,6,2,1,0,1,0,OTHER,0,0,0,0,0,0,1,1,1,811.5644707740925,811.5644707740925,811.5644707740925,-7.607135860979463,-7.607135860979463,-7.607135860979463,375,66,105,87
24536844,23666.4,50,8,2,0,1,0,0,OH,0,0,0,0,0,1,1,1,1,1023.2530379746836,1023.2530379746836,1023.2530379746836,-3.2784894514767933,-3.2784894514767933,-3.2784894514767933,48,51,66,72
20439915,29473.5,71,7,2,0,0,1,0,NY,0,1,0,0,0,0,0,1,1,0.0,5030.131005154641,5030.131005154641,0.0,0.0,36.663711340206184,34,28,28,104
24542856,256093.2,56,4,2,0,0,0,1,TX,0,0,1,0,0,0,1,1,1,1160.366165577342,1160.366165577342,1160.366165577342,-28.631564270152506,-28.631564270152506,-28.631564270152506,168,114,111,66
24529428,15858.0,37,5,4,1,0,1,0,OTHER,0,0,0,0,0,0,1,1,1,580.7980033840947,580.7980033840947,580.7980033840947,4.057795262267343,4.057795262267343,4.057795262267343,63,57,351,120
20450295,59748.0,63,8,2,0,1,0,0,IL,0,0,0,1,0,0,1,1,1,3779.7817422680437,3779.7817422680437,3779.7817422680437,-37.77137457044674,-37.77137457044674,-37.77137457044674,423,48,60,51
20440200,12423.0,78,5,2,1,0,1,0,CA,1,0,0,0,0,0,1,0,1,2493.685635245903,0.0,2493.685635245903,-5.3958196721311475,-5.3958196721311475,-5.3958196721311475,110,88,0,46
13633530,39832.0,59,7,1,0,1,0,0,IL,0,0,0,1,0,0,1,1,1,2892.2116804123734,2892.2116804123734,2892.2116804123734,-79.01009278350516,-79.01009278350516,-79.01009278350516,423,48,60,51
19086522,81034.8,40,10,1,1,1,0,0,OTHER,0,0,0,0,0,0,1,0,1,10178.102649635026,0.0,10178.102649635026,-3.1994160583941604,-3.1994160583941604,-3.1994160583941604,102,72,56,44
16361652,6303.2,33,3,5,0,0,1,0,OTHER,0,0,0,0,0,0,1,1,1,966.8034885057474,966.8034885057474,966.8034885057474,-7.27316091954023,-7.27316091954023,-7.27316091954023,9,18,384,111
20446320,43462.5,59,6,4,0,0,1,0,TX,0,0,1,0,0,0,1,1,1,1696.1038387096771,1696.1038387096771,1696.1038387096771,10.870017921146953,10.870017921146953,10.870017921146953,213,204,81,60
23175199,13977.1,69,5,0,1,0,1,0,OH,0,0,0,0,0,1,1,1,1,1347.3433930348258,1347.3433930348258,1347.3433930348258,21.818943615257048,21.818943615257048,21.818943615257048,387,96,54,66
24527160,53991.0,33,1,2,0,0,1,0,TX,0,0,1,0,0,0,1,0,0,4592.609999999991,0.0,0.0,-161.23353535353536,-161.23353535353536,0.0,99,0,0,0
29981094,47841.2,35,5,3,1,0,0,0,CA,1,0,0,0,0,0,0,1,1,0.0,6157.433617187493,6157.433617187493,0.0,0.0,-1.143984375,14,126,128,116
31344607,57914.0,56,6,1,1,0,0,1,OTHER,0,0,0,0,0,0,1,1,1,1324.3144444444422,1324.3144444444422,1324.3144444444422,1.4292592592592592,1.4292592592592592,1.4292592592592592,63,96,96,96
31359925,57074.5,32,2,2,0,0,1,0,OH,0,0,0,0,0,1,1,0,1,923.1781632653067,0.0,923.1781632653067,8.823537414965987,8.823537414965987,8.823537414965987,224,24,20,26
19079620,15306.2,19,4,1,1,1,0,0,OTHER,0,0,0,0,0,0,1,1,1,611.8971623931614,611.8971623931614,611.8971623931614,0.7847435897435897,0.7847435897435897,0.7847435897435897,339,42,60,27
16349976,2068.3,63,3,3,1,0,1,0,NY,0,1,0,0,0,0,1,1,0,924.3016956521741,924.3016956521741,0.0,-0.2477536231884058,-0.2477536231884058,0.0,28,40,24,46
25905018,8081.1,44,11,2,0,0,1,0,OTHER,0,0,0,0,0,0,0,1,1,0.0,2740.135839999999,2740.135839999999,0.0,0.0,62.19463,60,14,12,14
19078304,28501.2,43,3,1,1,1,0,0,OTHER,0,0,0,0,0,0,1,1,1,2921.5853024055,2921.5853024055,2921.5853024055,0.3116151202749141,0.3116151202749141,0.3116151202749141,66,84,66,75
27259100,31492.0,30,2,3,0,0,1,0,CA,1,0,0,0,0,0,0,1,0,0.0,5576.759,0.0,0.0,0.0,0.0,3,3,10,13
31345251,51340.6,50,0,0,0,0,1,0,AZ,0,0,0,0,1,0,1,1,1,903.0280952380967,903.0280952380967,903.0280952380967,-7.073714285714286,-7.073714285714286,-7.073714285714286,27,36,81,276
19078318,61194.0,32,2,3,1,0,0,1,NY,0,1,0,0,0,0,1,0,1,6077.676294642858,0.0,6077.676294642858,-4.476875,-4.476875,-4.476875,146,52,0,138
31339317,40022.3,18,3,0,0,1,0,0,OTHER,0,0,0,0,0,0,1,0,1,1024.9088918918899,0.0,1024.9088918918899,5.140189189189189,5.140189189189189,5.140189189189189,286,84,0,0
20442735,33001.5,49,6,2,1,1,0,0,OTHER,0,0,0,0,0,0,1,0,1,1313.1451734104035,0.0,1313.1451734104035,7.914566473988439,7.914566473988439,7.914566473988439,230,40,30,46
25896316,1098.0,84,11,0,1,0,1,0,OTHER,0,0,0,0,0,0,1,1,1,3074.3504574209246,3074.3504574209246,3074.3504574209246,20.432141119221413,20.432141119221413,20.432141119221413,75,123,132,81
21809728,72316.4,24,6,3,1,0,1,0,TX,0,0,1,0,0,0,1,1,1,971.2166384976531,971.2166384976531,971.2166384976531,7.451070422535211,7.451070422535211,7.451070422535211,60,39,57,57
28620144,3698.5,31,1,4,1,0,0,0,NY,0,1,0,0,0,0,1,1,1,187.57412280701772,187.57412280701772,187.57412280701772,4.40190308370044,4.40190308370044,4.40190308370044,9,24,66,126
27268720,12210.0,26,7,1,1,0,1,0,OTHER,0,0,0,0,0,0,1,0,0,4225.462,0.0,0.0,-3.196868686868687,-3.196868686868687,0.0,99,0,0,0
13626580,45629.0,45,5,3,1,0,0,1,OTHER,0,0,0,0,0,0,1,1,1,5802.525637681159,5802.525637681159,5802.525637681159,124.34704347826087,124.34704347826087,124.34704347826087,30,42,27,39
24527808,31651.2,66,4,2,0,0,0,0,TX,0,0,1,0,0,0,0,1,1,0.0,545.844775280899,545.844775280899,0.0,0.0,16.19161235955056,40,48,38,52
21811408,98826.0,60,3,1,0,0,1,0,OH,0,0,0,0,0,1,0,1,1,0.0,548.4570000000001,548.4570000000001,0.0,0.0,-4.5602,6,36,26,32
31358177,3659.3,25,4,0,0,1,0,0,CA,1,0,0,0,0,0,1,0,1,925.5942307692318,0.0,925.5942307692318,-1.3485576923076923,-1.3485576923076923,-1.3485576923076923,6,4,0,198
20442345,65071.5,53,10,2,0,1,0,0,OTHER,0,0,0,0,0,0,1,1,1,950.1278076923073,950.1278076923073,950.1278076923073,39.20029914529915,39.20029914529915,39.20029914529915,78,72,45,39
21805216,0.0,15,3,1,1,1,0,0,CA,1,0,0,0,0,0,0,1,0,0.0,874.6470000000004,0.0,0.0,0.0,0.0,3,3,3,15
25890502,8669.5,49,6,2,1,0,0,1,OTHER,0,0,0,0,0,0,1,1,1,8577.793666666668,8577.793666666668,8577.793666666668,42.436971014492755,42.436971014492755,42.436971014492755,30,42,27,39
19079970,3204.6,35,5,1,1,0,1,0,TX,0,0,1,0,0,0,1,1,0,1886.3527346153874,1886.3527346153874,0.0,1.1577307692307692,1.1577307692307692,0.0,80,100,58,22
14997114,6745.2,23,2,2,0,1,0,0,OH,0,0,0,0,0,1,1,1,1,429.95784313725494,429.95784313725494,429.95784313725494,-18.733717105263157,-18.733717105263157,-18.733717105263157,18,39,51,42
29995372,81809.2,41,11,0,0,1,0,0,OTHER,0,0,0,0,0,0,1,0,1,12047.057249999998,0.0,12047.057249999998,2.15180625,2.15180625,2.15180625,28,16,20,96
27251400,41124.0,50,2,2,1,0,1,0,OTHER,0,0,0,0,0,0,0,1,0,0.0,2420.2309999999998,0.0,0.0,0.0,0.0,3,3,3,3
21804496,80633.8,31,4,1,0,1,0,0,OTHER,0,0,0,0,0,0,1,1,0,1205.7183230088506,1205.7183230088506,0.0,12.523977876106194,12.523977876106194,0.0,6,6,94,120
24539634,35350.2,27,4,3,1,0,1,0,TX,0,0,1,0,0,0,1,0,1,219.47173387096748,0.0,219.47173387096748,11.654064516129033,11.654064516129033,11.654064516129033,94,42,72,40
31339938,84147.8,51,1,0,1,1,0,0,AZ,0,0,0,0,1,0,1,0,1,2335.444999999998,0.0,2335.444999999998,-16.28818181818182,-16.28818181818182,-16.28818181818182,6,30,48,224
27267900,28022.0,29,10,2,1,0,0,1,AZ,0,0,0,0,1,0,1,1,1,8578.43611347517,8578.43611347517,8578.43611347517,14.365437352245863,14.365437352245863,14.365437352245863,156,189,57,21
21803168,129019.8,55,8,2,1,0,0,0,TX,0,0,1,0,0,0,1,1,1,4639.476870673958,4639.476870673958,4639.476870673958,-2.8439963570127507,-2.8439963570127507,-2.8439963570127507,465,30,21,33
28621572,3861.3,19,4,1,0,1,0,0,CA,1,0,0,0,0,0,1,1,0,487.7950359712232,487.7950359712232,0.0,4.101661870503597,4.101661870503597,0.0,220,16,18,24
28617120,3949.3,20,5,1,0,1,0,0,IL,0,0,0,1,0,0,1,1,1,464.5500920810308,464.5500920810308,464.5500920810308,1.1113996316758747,1.1113996316758747,1.1113996316758747,21,21,63,438
20442210,0.0,21,3,2,0,1,0,0,IL,0,0,0,1,0,0,1,0,1,2177.171872881359,0.0,2177.171872881359,-11.410338983050847,-11.410338983050847,-11.410338983050847,176,22,22,16
13629390,47267.0,55,5,2,0,0,0,0,NY,0,1,0,0,0,0,1,1,1,3497.6269230769226,3497.6269230769226,3497.6269230769226,83.92519871794872,83.92519871794872,83.92519871794872,72,108,342,102
14996729,0.0,16,8,2,1,1,0,0,CA,1,0,0,0,0,0,0,1,0,0.0,2906.6929999999998,0.0,0.0,0.0,0.0,14,7,10,13
20439345,23331.0,78,5,2,0,0,1,0,TX,0,0,1,0,0,0,1,1,0,441.3154852941173,441.3154852941173,0.0,-7.102426470588235,-7.102426470588235,0.0,114,6,6,10
13634290,13058.0,28,7,3,1,0,1,0,TX,0,0,1,0,0,0,1,1,1,1896.8631441441437,1896.8631441441437,1896.8631441441437,108.89609009009008,108.89609009009008,108.89609009009008,57,18,18,18
23162313,39680.5,40,6,2,1,0,0,1,OTHER,0,0,0,0,0,0,1,1,1,469.3004850427345,469.3004850427345,469.3004850427345,27.238393162393162,27.238393162393162,27.238393162393162,168,153,132,15
17719624,56430.4,36,3,6,1,0,1,0,OTHER,0,0,0,0,0,0,1,0,0,3074.443999999998,0.0,0.0,43.70131313131313,43.70131313131313,0.0,0,0,19,80
13625940,69205.0,54,4,3,0,0,1,0,TX,0,0,1,0,0,0,1,1,1,12038.24866666667,12038.24866666667,12038.24866666667,74.70083944153578,74.70083944153578,74.70083944153578,117,225,213,18
17714684,0.0,9,8,2,0,1,0,0,CA,1,0,0,0,0,0,0,1,0,0.0,4584.445000000004,0.0,0.0,0.0,0.0,6,13,11,10
19087642,52309.6,53,3,2,1,0,0,0,OH,0,0,0,0,0,1,1,1,1,2716.0045196078468,2716.0045196078468,2716.0045196078468,-2.9864950980392155,-2.9864950980392155,-2.9864950980392155,273,42,9,84
24541704,14941.8,84,2,2,0,1,0,0,OTHER,0,0,0,0,0,0,1,0,0,1536.0199999999998,0.0,0.0,-35.15555555555556,-35.15555555555556,0.0,99,0,0,0
17719039,10358.4,64,11,2,0,0,1,0,NY,0,1,0,0,0,0,1,0,0,1329.9930000000015,0.0,0.0,45.24272727272727,45.24272727272727,0.0,99,0,0,0
21809744,23392.2,23,5,3,0,0,1,0,TX,0,0,1,0,0,0,1,0,0,7124.947999999986,0.0,0.0,-12.594737373737374,-12.594737373737374,0.0,99,0,0,0
14988567,13316.6,21,6,2,0,1,0,0,TX,0,0,1,0,0,0,1,0,1,2960.695383561638,0.0,2960.695383561638,-66.40382876712329,-66.40382876712329,-66.40382876712329,220,26,22,24
31346125,19966.3,68,8,0,1,0,1,0,OTHER,0,0,0,0,0,0,1,1,1,801.0852742616039,801.0852742616039,801.0852742616039,3.246160337552743,3.246160337552743,3.246160337552743,300,78,51,45
29989850,0.0,21,6,0,1,1,0,0,CA,1,0,0,0,0,0,1,0,1,3154.7453235294124,0.0,3154.7453235294124,6.425532085561497,6.425532085561497,6.425532085561497,242,38,36,58
27258760,0.0,16,3,0,0,1,0,0,TX,0,0,1,0,0,0,1,0,1,9020.552070552141,0.0,9020.552070552141,-14.69260736196319,-14.69260736196319,-14.69260736196319,170,86,34,36
20441295,20028.0,53,10,2,1,1,0,0,OH,0,0,0,0,0,1,1,0,1,4674.483094594597,0.0,4674.483094594597,-16.425765765765767,-16.425765765765767,-16.425765765765767,38,72,32,80
31343687,64135.5,34,3,0,1,1,0,0,CA,1,0,0,0,0,0,0,0,1,0.0,0.0,654.09,0.0,0.0,-13.168809523809523,0,12,17,13
23179075,17618.6,37,3,2,0,0,1,0,OH,0,0,0,0,0,1,1,0,1,1228.3470918367352,0.0,1228.3470918367352,47.15380952380952,47.15380952380952,47.15380952380952,224,24,20,26
29977860,34900.8,71,11,0,1,1,0,0,CA,1,0,0,0,0,0,1,0,1,3116.726170212767,0.0,3116.726170212767,-1.1067624113475176,-1.1067624113475176,-1.1067624113475176,280,2,0,0
16361496,4625.2,47,6,4,1,0,1,0,OTHER,0,0,0,0,0,0,1,1,1,204.07415882352927,204.07415882352927,204.07415882352927,-3.57021568627451,-3.57021568627451,-3.57021568627451,354,66,51,39
28615650,3738.8,22,1,2,0,0,1,0,NY,0,1,0,0,0,0,0,1,1,0.0,262.28172413793106,262.28172413793106,0.0,0.0,-4.18175,6,18,16,76
25895423,8638.2,62,9,0,1,0,1,0,OTHER,0,0,0,0,0,0,1,0,1,3045.8801799999983,0.0,3045.8801799999983,10.19108,10.19108,10.19108,150,48,0,52
25903289,5900.3,60,7,2,0,0,1,0,OTHER,0,0,0,0,0,0,1,1,1,9064.7291,9064.7291,9064.7291,34.37302352941177,34.37302352941177,34.37302352941177,240,150,57,63
25894302,11446.0,46,3,4,1,0,1,0,CA,1,0,0,0,0,0,1,1,1,1597.5163228228218,1597.5163228228218,1597.5163228228218,23.270702702702703,23.270702702702703,23.270702702702703,99,198,288,81
28615503,1334.8,19,4,1,1,1,0,0,NY,0,1,0,0,0,0,1,1,1,1386.2688421052637,1386.2688421052637,1386.2688421052637,-0.8348456140350877,-0.8348456140350877,-0.8348456140350877,102,75,69,39
16355772,3418.0,43,3,6,1,0,0,0,IL,0,0,0,1,0,0,1,0,0,760.1549999999992,0.0,0.0,2.8544444444444443,2.8544444444444443,0.0,0,0,99,0
